Time,Tag,Reader,Antenna,rssi
11:58.4,10004C0YLE000A07QM1,Adpter,3,-65
11:58.4,0000000000000000000000F1,Adpter,3,-66.5
11:58.4,10004C0YLE000A07QM1,Adpter,3,-66
12:01.1,0000000000000000000000F1,Adpter,3,-67
12:01.1,0000000000000000000000F1,Adpter,3,-67
12:11.3,10200C0YLE000A07PT5,Adpter,3,-68
12:11.6,1000C0YLE9000A07Q94,Adpter,3,-67.5
12:11.9,1000C50YLE000A07QE6,Adpter,3,-65
12:11.9,10004C0YLE000A07QM9,Adpter,3,-65.5
12:11.9,1000C50YLE000A07QE6,Adpter,3,-65
12:12.1,10004C0YLE000A07QM8,Adpter,3,-66
12:12.1,1000C50YLE000A07QE6,Adpter,3,-65.5
12:12.1,1000C50YLE000A07QE6,Adpter,3,-65
12:12.3,1000C50YLE000A07QE6,Adpter,3,-64
12:12.3,1000C50YLE000A07QE4,Adpter,3,-66.5
12:12.3,1000C0YL8E000A07Q84,Adpter,3,-63
12:12.3,1000C0Y7LE000A07QG7,Adpter,3,-61
12:12.3,1000C06YLE000A07Q68,Adpter,3,-62.5
12:12.3,1000C50YLE000A07QN0,Adpter,3,-65.5
12:12.3,1000C0YLE9000A07Q03,Adpter,3,-63.5
12:12.3,10200C0YLE000A07QB8,Adpter,3,-62
12:12.3,1000C0Y7LE000A07QG8,Adpter,3,-64
12:12.3,10004C0YLE000A07QM1,Adpter,3,-65.5
12:12.3,1000C0YLE9000A07Q03,Adpter,3,-63.5
12:12.3,1000C06YLE000A07Q68,Adpter,3,-62
12:12.5,1000C50YLE000A07QN2,Adpter,3,-56
12:12.5,10200C0YLE000A07QB5,Adpter,3,-63.5
12:12.5,1000C06YLE000A07QF7,Adpter,3,-64
12:12.5,1000C50YLE000A07QE8,Adpter,3,-66.5
12:12.5,1000C06YLE000A07PX3,Adpter,3,-62.5
12:12.5,1000C50YLE000A07QE9,Adpter,3,-59.5
12:12.5,1000C0Y7LE000A07QG6,Adpter,3,-60.5
12:12.5,1000C0YLE9000A07Q03,Adpter,3,-64
12:12.5,1000C50YLE000A07Q59,Adpter,3,-59.5
12:12.5,10004C0YLE000A07QM7,Adpter,3,-57.5
12:12.5,1000C06YLE000A07Q68,Adpter,3,-63
12:12.5,10200C0YLE000A07QB4,Adpter,3,-65.5
12:12.5,1000C50YLE000A07QN1,Adpter,3,-62.5
12:12.5,10004C0YLE000A07QM4,Adpter,3,-60.5
12:12.5,1000C50YLE000A07QN3,Adpter,3,-64
12:12.5,10004C0YLE000A07QM6,Adpter,3,-63
12:12.5,11000C0YLE000A07QA3,Adpter,3,-67.5
12:12.5,10030C0YLE000A07QL4,Adpter,3,-67
12:12.5,10030C0YLE000A07QU2,Adpter,3,-67.5
12:12.5,1000C50YLE000A07QE7,Adpter,3,-61.5
12:12.5,1000C0Y7LE000A07QG7,Adpter,3,-61
12:12.5,10200C0YLE000A07QB4,Adpter,3,-64
12:12.5,10200C0YLE000A07QB8,Adpter,3,-53.5
12:12.5,10004C0YLE000A07QM7,Adpter,3,-57.5
12:12.5,1000C50YLE000A07QE6,Adpter,3,-58.5
12:12.5,1000C50YLE000A07QE8,Adpter,3,-63
12:12.5,1000C0Y7LE000A07QG6,Adpter,3,-57
12:12.5,1000C06YLE000A07Q68,Adpter,3,-63.5
12:12.5,1000C50YLE000A07QN2,Adpter,3,-55
12:12.5,1000C50YLE000A07QE9,Adpter,3,-60.5
12:12.5,10004C0YLE000A07QM4,Adpter,3,-60
12:12.5,10004C0YLE000A07QM8,Adpter,3,-57
12:12.5,10004C0YLE000A07QM9,Adpter,3,-57.5
12:12.5,1000C50YLE000A07QN1,Adpter,3,-63
12:12.5,10200C0YLE000A07QB5,Adpter,3,-60.5
12:12.5,1000C06YLE000A07PX3,Adpter,3,-61
12:12.5,10200C0YLE000A07PT5,Adpter,3,-66
12:12.5,10004C0YLE000A07QM6,Adpter,3,-60.5
12:12.5,1000C50YLE000A07QE4,Adpter,3,-66
12:12.5,1000C50YLE000A07QN0,Adpter,3,-67.5
12:12.5,1000C50YLE000A07Q59,Adpter,3,-58.5
12:12.5,1000C0Y7LE000A07QG8,Adpter,3,-59.5
12:12.5,1000C0YLE9000A07Q03,Adpter,3,-67
12:12.5,1000C50YLE000A07QN3,Adpter,3,-64
12:12.6,11000C0YLE000A07QJ6,Adpter,3,-59
12:12.6,10200C0YLE000A07QB8,Adpter,3,-48
12:12.6,1000C50YLE000A07QN0,Adpter,3,-65
12:12.6,1000C0Y7LE000A07QP3,Adpter,3,-60.5
12:12.6,1000C50YLE000A07QE6,Adpter,3,-55.5
12:12.6,10004C0YLE000A07QM8,Adpter,3,-53.5
12:12.6,1000C50YLE000A07PW3,Adpter,3,-61
12:12.6,10030C0YLE000A07QC6,Adpter,3,-61
12:12.6,10030C0YLE000A07QL9,Adpter,3,-63.5
12:12.6,11000C0YLE000A07PS2,Adpter,3,-65
12:12.6,1000C0Y7LE000A07QG7,Adpter,3,-56
12:12.6,10200C0YLE000A07PT5,Adpter,3,-58
12:12.6,1000C0Y7LE000A07QG6,Adpter,3,-57
12:12.6,10030C0YLE000A07PU8,Adpter,3,-62.5
12:12.6,1000C06YLE000A07PX2,Adpter,3,-59
12:12.6,1000C50YLE000A07QN2,Adpter,3,-49
12:12.6,10004C0YLE000A07QM4,Adpter,3,-56
12:12.9,10200C0YLE000A07QT7,Adpter,3,-63
12:12.9,1000C0Y7LE000A07Q71,Adpter,3,-43
12:12.9,10004C0YLE000A07QM7,Adpter,3,-49
12:12.9,1000C50YLE000A07QE8,Adpter,3,-52
12:12.9,1000C0Y7LE000A07QG8,Adpter,3,-49
12:12.9,10004C0YLE000A07PV3,Adpter,3,-61.5
12:12.9,10030C0YLE000A07QC2,Adpter,3,-57.5
12:12.9,10030C0YLE000A07QU4,Adpter,3,-60.5
12:12.9,1000C50YLE000A07Q53,Adpter,3,-47
12:12.9,1000C0YL8E000A07Q85,Adpter,3,-56
12:12.9,1000C0YLE9000A07QI3,Adpter,3,-58.5
12:12.9,10004C0YLE000A07QM9,Adpter,3,-44.5
12:12.9,1000C06YLE000A07QF5,Adpter,3,-41.5
12:12.9,11000C0YLE000A07Q15,Adpter,3,-49
12:12.9,1000C50YLE000A07QE5,Adpter,3,-56.5
12:12.9,11000C0YLE000A07PS9,Adpter,3,-42
12:12.9,10004C0YLE000A07QD7,Adpter,3,-42
12:12.9,1000C0YL8E000A07Q86,Adpter,3,-56
12:12.9,10200C0YLE000A07QK9,Adpter,3,-55.5
12:12.9,11000C0YLE000A07QS8,Adpter,3,-55.5
12:12.9,1000C06YLE000A07Q63,Adpter,3,-50
12:12.9,11000C0YLE000A07PS5,Adpter,3,-45.5
12:12.9,10004C0YLE000A07QM5,Adpter,3,-43
12:12.9,10030C0YLE000A07Q38,Adpter,3,-59.5
12:12.9,1000C0YL8E000A07QH5,Adpter,3,-50
12:12.9,1000C0YLE9000A07QR8,Adpter,3,-55
12:12.9,1000C0YL8E000A07Q87,Adpter,3,-48
12:12.9,10200C0YLE000A07QB4,Adpter,3,-49.5
12:12.9,1000C0YL8E000A07QQ4,Adpter,3,-53.5
12:12.9,1000C50YLE000A07QE7,Adpter,3,-48.5
12:12.9,1000C0YLE9000A07Q04,Adpter,3,-46
12:12.9,1000C0Y7LE000A07Q72,Adpter,3,-41
12:12.9,1000C50YLE000A07QE9,Adpter,3,-40
12:12.9,10200C0YLE000A07PT8,Adpter,3,-48.5
12:12.9,11000C0YLE000A07Q10,Adpter,3,-58.5
12:12.9,10030C0YLE000A07QL5,Adpter,3,-61
12:12.9,1000C50YLE000A07PW1,Adpter,3,-47.5
12:12.9,10004C0YLE000A07QD0,Adpter,3,-58.5
12:12.9,10200C0YLE000A07QB9,Adpter,3,-58
12:12.9,1000C0YLE9000A07Q95,Adpter,3,-43
12:12.9,1000C0Y7LE000A07QP5,Adpter,3,-62.5
12:12.9,1000C06YLE000A07Q68,Adpter,3,-42
12:12.9,11000C0YLE000A07Q16,Adpter,3,-40.5
12:12.9,1000C50YLE000A07Q57,Adpter,3,-50.5
12:12.9,1000C50YLE000A07QE4,Adpter,3,-51.5
12:12.9,1000C0YLE9000A07Q93,Adpter,3,-43.5
12:12.9,10200C0YLE000A07QK8,Adpter,3,-50.5
12:12.9,1000C0Y7LE000A07QP8,Adpter,3,-54.5
12:12.9,1000C0YLE9000A07QR9,Adpter,3,-62.5
12:12.9,1000C50YLE000A07QE3,Adpter,3,-64.5
12:12.9,10004C0YLE000A07QD3,Adpter,3,-49
12:12.9,1000C0Y7LE000A07QP4,Adpter,3,-56
12:12.9,1000C0Y7LE000A07PY0,Adpter,3,-43
12:12.9,10030C0YLE000A07PU3,Adpter,3,-54
12:12.9,1000C06YLE000A07QO8,Adpter,3,-42.5
12:12.9,1000C0YLE9000A07Q97,Adpter,3,-58
12:12.9,1000C06YLE000A07PX3,Adpter,3,-56.5
12:12.9,1000C50YLE000A07QN3,Adpter,3,-53.5
12:12.9,1000C0Y7LE000A07PY3,Adpter,3,-61.5
12:12.9,10030C0YLE000A07QL8,Adpter,3,-58
12:12.9,1000C0YL8E000A07Q80,Adpter,3,-58
12:12.9,10004C0YLE000A07QM6,Adpter,3,-44.5
12:12.9,11000C0YLE000A07PS0,Adpter,3,-48
12:12.9,1000C50YLE000A07PW9,Adpter,3,-59
12:12.9,10030C0YLE000A07PU7,Adpter,3,-50.5
12:12.9,1000C50YLE000A07Q59,Adpter,3,-49.5
12:12.9,10030C0YLE000A07QC1,Adpter,3,-59.5
12:12.9,1000C0YLE9000A07Q05,Adpter,3,-50
12:12.9,1000C0YLE9000A07Q92,Adpter,3,-42.5
12:12.9,1000C0YLE9000A07Q00,Adpter,3,-38.5
12:12.9,11000C0YLE000A07Q18,Adpter,3,-65.5
12:12.9,11000C0YLE000A07PS4,Adpter,3,-50.5
12:12.9,11000C0YLE000A07PS1,Adpter,3,-44
12:12.9,1000C0Y7LE000A07QP7,Adpter,3,-59
12:12.9,1000C0Y7LE000A07Q70,Adpter,3,-64
12:12.9,1000C0Y7LE000A07Q76,Adpter,3,-56
12:12.9,1000C06YLE000A07QF1,Adpter,3,-55.5
12:12.9,10030C0YLE000A07PU6,Adpter,3,-59.5
12:12.9,1000C06YLE000A07QO2,Adpter,3,-65.5
12:12.9,10030C0YLE000A07QU7,Adpter,3,-61
12:12.9,1000C0YLE9000A07QR2,Adpter,3,-60.5
12:12.9,11000C0YLE000A07Q17,Adpter,3,-51.5
12:12.9,10030C0YLE000A07PU0,Adpter,3,-53
12:12.9,1000C0YL8E000A07Q82,Adpter,3,-60.5
12:12.9,1000C0YLE9000A07QI2,Adpter,3,-55
12:12.9,10004C0YLE000A07QD9,Adpter,3,-50
12:12.9,1000C0YL8E000A07QQ5,Adpter,3,-60
12:12.9,10200C0YLE000A07QB5,Adpter,3,-54
12:12.9,1000C50YLE000A07PW2,Adpter,3,-53
12:12.9,1000C0Y7LE000A07Q74,Adpter,3,-46
12:12.9,1000C0Y7LE000A07QP1,Adpter,3,-50
12:12.9,1000C0YLE9000A07Q03,Adpter,3,-53.5
12:12.9,1000C0YL8E000A07QQ3,Adpter,3,-58
12:12.9,1000C0YL8E000A07PZ6,Adpter,3,-55
12:12.9,1000C50YLE000A07PW8,Adpter,3,-58
12:12.9,11000C0YLE000A07QA9,Adpter,3,-65.5
12:12.9,1000C0YL8E000A07QQ0,Adpter,3,-62
12:12.9,1000C0Y7LE000A07QP2,Adpter,3,-41.5
12:12.9,1000C06YLE000A07QO9,Adpter,3,-60.5
12:12.9,1000C0YL8E000A07Q88,Adpter,3,-51
12:12.9,1000C0YL8E000A07QH0,Adpter,3,-52
12:12.9,1000C50YLE000A07Q56,Adpter,3,-57
12:12.9,1000C0Y7LE000A07PY7,Adpter,3,-60
12:12.9,10200C0YLE000A07PT1,Adpter,3,-53.5
12:12.9,1000C0Y7LE000A07PY4,Adpter,3,-56
12:12.9,10004C0YLE000A07PV4,Adpter,3,-63.5
12:12.9,1000C50YLE000A07QE2,Adpter,3,-56
12:12.9,1000C0Y7LE000A07Q77,Adpter,3,-48
12:12.9,1000C0Y7LE000A07Q78,Adpter,3,-54.5
12:12.9,11000C0YLE000A07QA6,Adpter,3,-58
12:12.9,11000C0YLE000A07QA1,Adpter,3,-58.5
12:12.9,1000C0YL8E000A07QH2,Adpter,3,-60.5
12:12.9,1000C0Y7LE000A07Q79,Adpter,3,-62
12:12.9,1000C0YLE9000A07Q07,Adpter,3,-64
12:12.9,10004C0YLE000A07Q48,Adpter,3,-59.5
12:12.9,10030C0YLE000A07QC5,Adpter,3,-55
12:12.9,1000C50YLE000A07QN1,Adpter,3,-63
12:12.9,11000C0YLE000A07QJ7,Adpter,3,-55
12:12.9,1000C0Y7LE000A07QG1,Adpter,3,-64
12:12.9,1000C0Y7LE000A07QG2,Adpter,3,-59
12:12.9,10200C0YLE000A07QB0,Adpter,3,-63.5
12:12.9,1000C50YLE000A07PW0,Adpter,3,-58.5
12:12.9,1000C0Y7LE000A07QG9,Adpter,3,-56.5
12:12.9,1000C0Y7LE000A07PY6,Adpter,3,-50
12:12.9,1000C50YLE000A07Q52,Adpter,3,-63.5
12:12.9,1000C0YLE9000A07Q96,Adpter,3,-60.5
12:13.0,10004C0YLE000A07PV7,Adpter,3,-68.5
12:13.0,11000C0YLE000A07QJ9,Adpter,3,-64.5
12:13.0,10004C0YLE000A07Q44,Adpter,3,-64
12:13.0,10200C0YLE000A07QT8,Adpter,3,-59.5
12:13.0,10030C0YLE000A07QC7,Adpter,3,-53
12:13.0,11000C0YLE000A07PS8,Adpter,3,-53.5
12:13.0,1000C0Y7LE000A07PY5,Adpter,3,-62.5
12:13.0,1000C0YL8E000A07PZ8,Adpter,3,-59
12:13.0,1000C0YL8E000A07PZ4,Adpter,3,-54
12:13.0,1000C0YL8E000A07PZ3,Adpter,3,-54
12:13.0,1000C0Y7LE000A07QP9,Adpter,3,-61
12:13.0,10004C0YLE000A07PV5,Adpter,3,-51
12:13.0,10004C0YLE000A07QD2,Adpter,3,-57.5
12:13.0,1000C0YL8E000A07PZ9,Adpter,3,-57
12:13.0,10004C0YLE000A07PV1,Adpter,3,-62
12:13.0,10200C0YLE000A07PT9,Adpter,3,-52
12:13.0,1000C0Y7LE000A07PY1,Adpter,3,-63
12:13.0,11000C0YLE000A07Q14,Adpter,3,-56
12:13.0,1000C0Y7LE000A07QG0,Adpter,3,-63.5
12:13.0,10030C0YLE000A07PU9,Adpter,3,-47.5
12:13.0,11000C0YLE000A07QJ2,Adpter,3,-56.5
12:13.0,10004C0YLE000A07QD4,Adpter,3,-65.5
12:13.0,10200C0YLE000A07Q21,Adpter,3,-59.5
12:13.0,1000C06YLE000A07QO3,Adpter,3,-55.5
12:13.0,1000C0YL8E000A07PZ7,Adpter,3,-64
12:13.0,10004C0YLE000A07PV0,Adpter,3,-63.5
12:13.0,1000C50YLE000A07Q58,Adpter,3,-62
12:13.0,10030C0YLE000A07Q33,Adpter,3,-58.5
12:13.0,11000C0YLE000A07QA2,Adpter,3,-62
12:13.0,10004C0YLE000A07Q47,Adpter,3,-59
12:13.0,1000C0YLE9000A07Q91,Adpter,3,-62
12:13.0,1000C0Y7LE000A07Q73,Adpter,3,-61
12:13.0,11000C0YLE000A07Q19,Adpter,3,-59
12:13.0,1000C06YLE000A07PX7,Adpter,3,-66
12:13.0,1000C0YLE9000A07Q09,Adpter,3,-63
12:13.0,1000C0YLE9000A07Q98,Adpter,3,-62.5
12:13.0,1000C0Y7LE000A07PY2,Adpter,3,-65
12:13.0,1000C0Y7LE000A07PY9,Adpter,3,-59.5
12:13.0,1000C06YLE000A07Q62,Adpter,3,-56
12:13.0,11000C0YLE000A07QA7,Adpter,3,-63.5
12:13.0,1000C50YLE000A07PW7,Adpter,3,-62.5
12:13.1,10030C0YLE000A07QU5,Adpter,3,-64.5
12:13.1,10030C0YLE000A07QU0,Adpter,3,-66.5
12:13.1,1000C06YLE000A07PX9,Adpter,3,-64
12:13.1,1000C0YLE9000A07Q06,Adpter,3,-63.5
12:13.1,10004C0YLE000A07QD8,Adpter,3,-55.5
12:13.1,1000C0YL8E000A07PZ7,Adpter,3,-64
12:13.1,11000C0YLE000A07Q10,Adpter,3,-53
12:13.1,11000C0YLE000A07Q16,Adpter,3,-46.5
12:13.1,1000C0Y7LE000A07Q71,Adpter,3,-46
12:13.1,1000C0YLE9000A07Q92,Adpter,3,-48.5
12:13.1,1000C06YLE000A07QF5,Adpter,3,-50
12:13.1,1000C0YLE9000A07QR8,Adpter,3,-57.5
12:13.1,10004C0YLE000A07QM9,Adpter,3,-44
12:13.1,11000C0YLE000A07PS1,Adpter,3,-52
12:13.1,1000C50YLE000A07Q53,Adpter,3,-60
12:13.1,1000C0Y7LE000A07PY0,Adpter,3,-41
12:13.1,1000C0Y7LE000A07QG7,Adpter,3,-50.5
12:13.1,10030C0YLE000A07PU3,Adpter,3,-55
12:13.1,1000C50YLE000A07QE9,Adpter,3,-42
12:13.1,1000C0Y7LE000A07QG6,Adpter,3,-47
12:13.1,1000C0YL8E000A07QH0,Adpter,3,-57
12:13.1,10200C0YLE000A07PT0,Adpter,3,-59
12:13.1,10004C0YLE000A07QM8,Adpter,3,-47.5
12:13.1,1000C0Y7LE000A07PY6,Adpter,3,-53.5
12:13.1,10030C0YLE000A07QC7,Adpter,3,-59
12:13.1,1000C0Y7LE000A07Q73,Adpter,3,-61.5
12:13.1,1000C0Y7LE000A07Q72,Adpter,3,-47
12:13.1,10200C0YLE000A07PT9,Adpter,3,-54.5
12:13.1,11000C0YLE000A07PS5,Adpter,3,-46.5
12:13.1,10200C0YLE000A07PT5,Adpter,3,-49.5
12:13.1,1000C50YLE000A07PW1,Adpter,3,-48
12:13.1,10030C0YLE000A07QC6,Adpter,3,-49
12:13.1,1000C06YLE000A07Q62,Adpter,3,-57
12:13.1,1000C0YLE9000A07Q00,Adpter,3,-45
12:13.1,10004C0YLE000A07QM7,Adpter,3,-51
12:13.1,1000C50YLE000A07PW3,Adpter,3,-42
12:13.1,1000C0Y7LE000A07QP3,Adpter,3,-47.5
12:13.1,1000C06YLE000A07Q68,Adpter,3,-61
12:13.1,1000C0YLE9000A07Q07,Adpter,3,-64
12:13.1,1000C50YLE000A07QE3,Adpter,3,-62
12:13.1,10200C0YLE000A07QK9,Adpter,3,-56.5
12:13.1,10200C0YLE000A07QB8,Adpter,3,-42
12:13.1,10200C0YLE000A07QB4,Adpter,3,-53
12:13.1,1000C50YLE000A07QE6,Adpter,3,-58
12:13.1,1000C0Y7LE000A07Q77,Adpter,3,-50
12:13.1,1000C06YLE000A07QF7,Adpter,3,-56
12:13.1,1000C0YL8E000A07PZ8,Adpter,3,-61.5
12:13.1,1000C0YLE9000A07Q05,Adpter,3,-53.5
12:13.1,1000C50YLE000A07Q59,Adpter,3,-54.5
12:13.1,1000C50YLE000A07QE8,Adpter,3,-59
12:13.1,1000C0YLE9000A07Q04,Adpter,3,-47
12:13.1,1000C0YL8E000A07PZ9,Adpter,3,-58
12:13.1,10004C0YLE000A07Q47,Adpter,3,-59.5
12:13.1,10004C0YLE000A07QM4,Adpter,3,-53
12:13.1,1000C0YLE9000A07Q94,Adpter,3,-47.5
12:13.1,10004C0YLE000A07QM6,Adpter,3,-55
12:13.1,1000C0YL8E000A07Q87,Adpter,3,-51
12:13.1,1000C0YLE9000A07Q93,Adpter,3,-58.5
12:13.1,1000C0YL8E000A07PZ4,Adpter,3,-60.5
12:13.1,10030C0YLE000A07PU9,Adpter,3,-53.5
12:13.1,1000C0Y7LE000A07QP2,Adpter,3,-55.5
12:13.1,1000C06YLE000A07PX2,Adpter,3,-50.5
12:13.1,1000C50YLE000A07Q56,Adpter,3,-54.5
12:13.1,10004C0YLE000A07PV6,Adpter,3,-58.5
12:13.1,10030C0YLE000A07QL4,Adpter,3,-56.5
12:13.1,1000C0Y7LE000A07Q74,Adpter,3,-51
12:13.1,10004C0YLE000A07QD2,Adpter,3,-60.5
12:13.1,10004C0YLE000A07QD7,Adpter,3,-52
12:13.1,10004C0YLE000A07QD9,Adpter,3,-51
12:13.1,81000020200226000A100175,Adpter,3,-50
12:13.1,1000C0YL8E000A07PZ3,Adpter,3,-56.5
12:13.1,1000C50YLE000A07Q57,Adpter,3,-50
12:13.1,10004C0YLE000A07QM7,Adpter,4,-69
12:13.1,1000C0Y7LE000A07QG6,Adpter,4,-67
12:13.2,1000C0Y7LE000A07QG6,Adpter,4,-67
12:13.2,10004C0YLE000A07QM7,Adpter,4,-68
12:13.2,1000C50YLE000A07PW1,Adpter,3,-51.5
12:13.2,1000C0Y7LE000A07QG7,Adpter,3,-56
12:13.2,1000C50YLE000A07Q57,Adpter,3,-52
12:13.2,1000C0Y7LE000A07QG6,Adpter,3,-53
12:13.2,1000C0Y7LE000A07Q77,Adpter,3,-54
12:13.2,1000C0YL8E000A07PZ3,Adpter,3,-61
12:13.2,10004C0YLE000A07QM7,Adpter,3,-56
12:13.2,1000C0Y7LE000A07Q72,Adpter,3,-53.5
12:13.2,11000C0YLE000A07PS5,Adpter,3,-51.5
12:13.2,1000C0Y7LE000A07Q74,Adpter,3,-54.5
12:13.2,1000C0YLE9000A07Q95,Adpter,3,-52
12:13.2,1000C50YLE000A07PW3,Adpter,3,-49.5
12:13.2,10030C0YLE000A07QU1,Adpter,3,-60
12:13.2,1000C0YL8E000A07Q87,Adpter,3,-52.5
12:13.2,1000C06YLE000A07PX2,Adpter,3,-59.5
12:13.2,1000C0Y7LE000A07PY0,Adpter,3,-49
12:13.2,1000C0Y7LE000A07QP3,Adpter,3,-53
12:13.2,1000C0Y7LE000A07PY6,Adpter,3,-57.5
12:13.2,1000C50YLE000A07QE9,Adpter,3,-47
12:13.2,1000C06YLE000A07Q68,Adpter,3,-58.5
12:13.2,1000C0YLE9000A07Q00,Adpter,3,-51.5
12:13.2,10004C0YLE000A07QM9,Adpter,3,-54.5
12:13.2,10004C0YLE000A07QM8,Adpter,3,-56
12:13.2,10200C0YLE000A07QB8,Adpter,3,-58
12:13.2,1000C06YLE000A07QF7,Adpter,3,-55.5
12:13.2,1000C50YLE000A07Q56,Adpter,3,-56
12:13.2,1000C0YLE9000A07Q05,Adpter,3,-59
12:13.2,10004C0YLE000A07QD9,Adpter,3,-57
12:13.3,11000C0YLE000A07PS4,Adpter,3,-52
12:13.3,1000C50YLE000A07QE7,Adpter,3,-61
12:13.3,1000C50YLE000A07Q56,Adpter,3,-56
12:13.3,1000C50YLE000A07PW3,Adpter,3,-52
12:13.3,10030C0YLE000A07Q33,Adpter,3,-59
12:13.3,1000C50YLE000A07QE9,Adpter,3,-47.5
12:13.3,1000C0YL8E000A07Q88,Adpter,3,-62
12:13.3,1000C0Y7LE000A07QG7,Adpter,3,-60.5
12:13.3,1000C50YLE000A07PW1,Adpter,3,-55
12:13.3,11000C0YLE000A07PS2,Adpter,3,-59.5
12:13.3,1000C0YLE9000A07Q05,Adpter,3,-61
12:13.3,1000C0YLE9000A07Q03,Adpter,3,-51.5
12:13.3,11000C0YLE000A07PS0,Adpter,3,-58
12:13.3,1000C0YL8E000A07PZ3,Adpter,3,-62.5
12:13.3,1000C0Y7LE000A07QG6,Adpter,3,-56.5
12:13.3,1000C50YLE000A07Q57,Adpter,3,-52.5
12:13.3,1000C0Y7LE000A07QP3,Adpter,3,-56
12:13.3,1000C0Y7LE000A07Q74,Adpter,3,-58
12:13.3,10004C0YLE000A07QD9,Adpter,3,-57.5
12:13.3,1000C0YL8E000A07Q87,Adpter,3,-54
12:13.3,10004C0YLE000A07QM7,Adpter,3,-58.5
12:13.3,1000C0YLE9000A07Q95,Adpter,3,-53.5
12:13.3,1000C50YLE000A07QE4,Adpter,3,-64
12:13.3,11000C0YLE000A07Q15,Adpter,3,-62
12:13.3,1000C0YLE9000A07Q00,Adpter,3,-53.5
12:13.3,1000C06YLE000A07QF7,Adpter,3,-55.5
12:13.3,11000C0YLE000A07PS5,Adpter,3,-54
12:13.3,1000C0YL8E000A07Q84,Adpter,3,-60.5
12:13.3,1000C06YLE000A07QO8,Adpter,3,-58
12:13.3,1000C0Y7LE000A07Q76,Adpter,3,-59
12:13.3,10004C0YLE000A07QM9,Adpter,3,-56
12:13.3,1000C06YLE000A07QF1,Adpter,3,-60
12:13.3,1000C0Y7LE000A07Q77,Adpter,3,-57
12:13.3,10004C0YLE000A07QM8,Adpter,3,-59.5
12:13.3,1000C0Y7LE000A07PY6,Adpter,3,-62
12:13.3,1000C0Y7LE000A07PY0,Adpter,3,-54
12:13.3,11000C0YLE000A07PS9,Adpter,3,-62
12:13.3,1000C0Y7LE000A07Q72,Adpter,3,-59.5
12:13.3,10004C0YLE000A07PV5,Adpter,3,-60
12:13.3,10004C0YLE000A07QD8,Adpter,3,-57.5
12:13.3,1000C06YLE000A07Q68,Adpter,3,-59.5
12:13.3,10030C0YLE000A07QU7,Adpter,3,-62
12:13.3,1000C0Y7LE000A07QP1,Adpter,3,-58
12:13.3,11000C0YLE000A07Q15,Adpter,3,-61.5
12:13.3,10004C0YLE000A07QD7,Adpter,3,-61.5
12:13.3,1000C50YLE000A07QE7,Adpter,3,-63.5
12:13.3,10004C0YLE000A07QM8,Adpter,3,-63.5
12:13.3,1000C06YLE000A07QF7,Adpter,3,-61
12:13.3,1000C0Y7LE000A07QP3,Adpter,3,-59
12:13.3,1000C06YLE000A07Q68,Adpter,3,-59.5
12:13.3,11000C0YLE000A07PS4,Adpter,3,-57
12:13.3,11000C0YLE000A07PS1,Adpter,3,-60.5
12:13.3,1000C0Y7LE000A07Q71,Adpter,3,-57
12:13.3,11000C0YLE000A07PS5,Adpter,3,-61
12:13.3,1000C0YLE9000A07Q00,Adpter,3,-57
12:13.4,1000C0YL8E000A07Q83,Adpter,3,-63.5
12:13.4,1000C50YLE000A07Q57,Adpter,3,-61
12:13.4,10004C0YLE000A07QM7,Adpter,3,-61
12:13.4,1000C06YLE000A07QO8,Adpter,3,-57
12:13.4,1000C0Y7LE000A07Q77,Adpter,3,-57
12:13.4,1000C0YLE9000A07Q94,Adpter,3,-59.5
12:13.4,1000C0Y7LE000A07QP1,Adpter,3,-59
12:13.4,1000C0YL8E000A07Q84,Adpter,3,-59
12:13.4,1000C0YLE9000A07Q95,Adpter,3,-56
12:13.4,1000C0Y7LE000A07QG6,Adpter,3,-60
12:13.4,1000C0YLE9000A07Q03,Adpter,3,-55.5
12:13.4,1000C0Y7LE000A07PY0,Adpter,3,-60.5
12:13.4,1000C50YLE000A07QE9,Adpter,3,-56
12:13.6,11000C0YLE000A07PS4,Adpter,3,-59.5
12:13.6,1000C50YLE000A07QE9,Adpter,3,-56.5
12:13.6,1000C0Y7LE000A07PY0,Adpter,3,-60.5
12:13.6,1000C0Y7LE000A07QP3,Adpter,3,-59
12:13.6,1000C06YLE000A07QO8,Adpter,3,-56.5
12:13.6,10004C0YLE000A07QM7,Adpter,3,-61.5
12:13.6,1000C0YL8E000A07Q84,Adpter,3,-58.5
12:13.6,10004C0YLE000A07QM8,Adpter,3,-63.5
12:13.6,1000C0YLE9000A07Q94,Adpter,3,-60
12:13.8,10004C0YLE000A07QM7,Adpter,4,-65.5
12:13.8,10004C0YLE000A07QM7,Adpter,4,-66
12:13.8,1000C0Y7LE000A07QG6,Adpter,4,-65
12:13.8,10004C0YLE000A07QM1,Adpter,3,-64.5
12:13.8,1000C0Y7LE000A07QG6,Adpter,4,-67.5
12:13.8,1000C0Y7LE000A07QG7,Adpter,4,-68
12:13.8,1000C0Y7LE000A07QG7,Adpter,4,-67.5
12:13.8,1000C0Y7LE000A07QG6,Adpter,4,-67.5
12:13.8,10004C0YLE000A07QM1,Adpter,3,-63.5
12:13.8,1000C0Y7LE000A07QG6,Adpter,3,-65
12:13.8,10004C0YLE000A07QM8,Adpter,3,-65.5
12:13.8,10004C0YLE000A07QM7,Adpter,3,-65
12:13.8,10004C0YLE000A07QM1,Adpter,3,-63.5
12:13.8,10004C0YLE000A07QM7,Adpter,3,-64.5
12:13.8,1000C0Y7LE000A07QG8,Adpter,3,-66.5
12:13.8,10004C0YLE000A07QM8,Adpter,3,-64.5
12:13.8,1000C0Y7LE000A07QG7,Adpter,4,-66.5
12:13.8,10200C0YLE000A07QB8,Adpter,4,-61.5
12:13.9,1000C0Y7LE000A07QG8,Adpter,3,-62.5
12:13.9,10004C0YLE000A07QM1,Adpter,3,-62.5
12:13.9,10200C0YLE000A07QB8,Adpter,3,-60.5
12:13.9,10004C0YLE000A07QM1,Adpter,3,-62.5
12:13.9,1000C0Y7LE000A07QG7,Adpter,3,-65.5
12:13.9,10200C0YLE000A07QB8,Adpter,3,-60
12:13.9,10200C0YLE000A07QB9,Adpter,3,-63.5
12:13.9,1000C50YLE000A07QN3,Adpter,3,-64
12:13.9,1000C0Y7LE000A07QG8,Adpter,3,-62.5
12:14.0,1000C50YLE000A07QN2,Adpter,3,-62
12:14.0,1000C0Y7LE000A07QG9,Adpter,3,-63
12:14.0,10200C0YLE000A07QB8,Adpter,4,-58.5
12:14.0,1000C50YLE000A07QE6,Adpter,4,-67.5
12:14.0,1000C50YLE000A07QE9,Adpter,4,-68.5
12:14.0,10200C0YLE000A07QB8,Adpter,4,-58
12:14.0,1000C50YLE000A07QE6,Adpter,4,-68
12:14.0,10004C0YLE000A07QM8,Adpter,3,-65
12:14.0,1000C50YLE000A07QN2,Adpter,3,-59.5
12:14.0,10200C0YLE000A07QB9,Adpter,3,-57
12:14.0,1000C0Y7LE000A07QG9,Adpter,3,-62
12:14.0,10004C0YLE000A07QM1,Adpter,3,-59.5
12:14.0,1000C50YLE000A07QN3,Adpter,3,-66
12:14.0,10004C0YLE000A07PV5,Adpter,3,-64.5
12:14.0,1000C50YLE000A07QN3,Adpter,3,-66
12:14.0,1000C0Y7LE000A07QG9,Adpter,3,-63.5
12:14.0,10004C0YLE000A07QM8,Adpter,3,-63.5
12:14.0,1000C50YLE000A07QN2,Adpter,3,-59.5
12:14.0,10004C0YLE000A07QM1,Adpter,3,-58.5
12:14.0,10004C0YLE000A07PV5,Adpter,3,-64.5
12:14.0,1000C50YLE000A07QN1,Adpter,3,-66.5
12:14.0,10200C0YLE000A07QB9,Adpter,3,-57.5
12:14.0,10004C0YLE000A07QM0,Adpter,3,-64.5
12:14.1,1000C50YLE000A07QE6,Adpter,4,-64
12:14.1,10200C0YLE000A07PT5,Adpter,4,-68.5
12:14.1,10200C0YLE000A07QB8,Adpter,4,-62.5
12:14.1,10200C0YLE000A07PT5,Adpter,4,-69
12:14.1,1000C50YLE000A07QE6,Adpter,4,-63.5
12:14.1,1000C0YLE9000A07Q03,Adpter,4,-68
12:14.1,10200C0YLE000A07QB8,Adpter,4,-62.5
12:14.1,1000C50YLE000A07QN2,Adpter,3,-57
12:14.1,10004C0YLE000A07PV5,Adpter,3,-65.5
12:14.1,10004C0YLE000A07QM1,Adpter,3,-56.5
12:14.1,10004C0YLE000A07QM0,Adpter,3,-65.5
12:14.1,1000C0Y7LE000A07QG7,Adpter,3,-65
12:14.1,10004C0YLE000A07QM8,Adpter,3,-62
12:14.1,1000C50YLE000A07QN3,Adpter,3,-66
12:14.1,1000C50YLE000A07QN1,Adpter,3,-66
12:14.1,10200C0YLE000A07QB8,Adpter,3,-65
12:14.1,10030C0YLE000A07QC6,Adpter,3,-66.5
12:14.1,1000C0Y7LE000A07QG8,Adpter,3,-64.5
12:14.1,10200C0YLE000A07QB8,Adpter,3,-64.5
12:14.1,1000C50YLE000A07QN2,Adpter,3,-57
12:14.1,10004C0YLE000A07QM8,Adpter,3,-61.5
12:14.1,1000C50YLE000A07QN1,Adpter,3,-66.5
12:14.1,1000C0Y7LE000A07QG8,Adpter,3,-64
12:14.1,1000C0Y7LE000A07QG7,Adpter,3,-64
12:14.1,1000C50YLE000A07QN3,Adpter,3,-65.5
12:14.1,10004C0YLE000A07QM1,Adpter,3,-56.5
12:14.1,10030C0YLE000A07QC6,Adpter,3,-65
12:14.1,1000C50YLE000A07QE9,Adpter,3,-66.5
12:14.1,10004C0YLE000A07QM0,Adpter,3,-67
12:14.2,10200C0YLE000A07QB8,Adpter,4,-61.5
12:14.2,1000C0Y7LE000A07QG8,Adpter,4,-64.5
12:14.2,1000C50YLE000A07QE6,Adpter,4,-65
12:14.2,10200C0YLE000A07QB9,Adpter,4,-61.5
12:14.2,1000C0YLE9000A07Q03,Adpter,4,-66.5
12:14.2,1000C0Y7LE000A07QG8,Adpter,4,-64
12:14.2,1000C0YLE9000A07Q03,Adpter,4,-67
12:14.2,1000C50YLE000A07QE6,Adpter,4,-65.5
12:14.2,10200C0YLE000A07QB9,Adpter,4,-60.5
12:14.2,10200C0YLE000A07QB8,Adpter,4,-61
12:14.2,10200C0YLE000A07QB8,Adpter,3,-62
12:14.2,10004C0YLE000A07QM1,Adpter,3,-58.5
12:14.2,10030C0YLE000A07QC6,Adpter,3,-65
12:14.2,1000C50YLE000A07QN3,Adpter,3,-64
12:14.2,1000C0Y7LE000A07QG7,Adpter,3,-63
12:14.2,1000C0Y7LE000A07QG8,Adpter,3,-64
12:14.2,1000C50YLE000A07QN2,Adpter,3,-57
12:14.2,10004C0YLE000A07QM9,Adpter,3,-65.5
12:14.2,1000C50YLE000A07QN1,Adpter,3,-68.5
12:14.2,10004C0YLE000A07QM1,Adpter,3,-59.5
12:14.2,10200C0YLE000A07QB8,Adpter,3,-62.5
12:14.2,1000C0Y7LE000A07QG7,Adpter,3,-63.5
12:14.2,1000C50YLE000A07QN3,Adpter,3,-64
12:14.2,1000C50YLE000A07QN2,Adpter,3,-57.5
12:14.2,10004C0YLE000A07QM5,Adpter,3,-63.5
12:14.2,1000C0Y7LE000A07QG8,Adpter,3,-64.5
12:14.3,1000C0YLE9000A07Q03,Adpter,4,-65
12:14.3,1000C0YLE9000A07Q94,Adpter,4,-66.5
12:14.3,10200C0YLE000A07QB8,Adpter,4,-59
12:14.3,1000C0Y7LE000A07QG9,Adpter,4,-64.5
12:14.3,1000C0Y7LE000A07QG7,Adpter,4,-63.5
12:14.3,1000C50YLE000A07QE4,Adpter,4,-68.5
12:14.3,1000C50YLE000A07QE6,Adpter,4,-65
12:14.3,10200C0YLE000A07QB9,Adpter,4,-56.5
12:14.3,1000C0Y7LE000A07QG8,Adpter,4,-62.5
12:14.3,1000C0YLE9000A07Q03,Adpter,4,-65
12:14.3,1000C0Y7LE000A07QG8,Adpter,4,-63
12:14.3,10200C0YLE000A07QB8,Adpter,4,-59
12:14.3,1000C0YLE9000A07Q94,Adpter,4,-66.5
12:14.3,1000C0Y7LE000A07QG7,Adpter,4,-63.5
12:14.3,1000C0Y7LE000A07QG9,Adpter,4,-64.5
12:14.3,10200C0YLE000A07QB9,Adpter,4,-57
12:14.3,1000C50YLE000A07QE4,Adpter,4,-69
12:14.3,10030C0YLE000A07QL9,Adpter,4,-68.5
12:14.3,1000C50YLE000A07QE6,Adpter,4,-64.5
12:14.3,10004C0YLE000A07QM9,Adpter,4,-64.5
12:14.3,10004C0YLE000A07QM0,Adpter,3,-67
12:14.3,10004C0YLE000A07QM1,Adpter,3,-59.5
12:14.3,10200C0YLE000A07QB9,Adpter,3,-58.5
12:14.3,1000C0Y7LE000A07QG7,Adpter,3,-65.5
12:14.4,1000C0Y7LE000A07QG7,Adpter,3,-65.5
12:14.4,10200C0YLE000A07QB9,Adpter,3,-59.5
12:14.4,10004C0YLE000A07QM1,Adpter,3,-59.5
12:14.4,10004C0YLE000A07QM0,Adpter,3,-68
12:14.4,10200C0YLE000A07QB8,Adpter,4,-60
12:14.4,10200C0YLE000A07QB9,Adpter,4,-59.5
12:14.4,10004C0YLE000A07QM0,Adpter,4,-66
12:14.4,1000C0YLE9000A07Q03,Adpter,4,-65.5
12:14.4,1000C50YLE000A07QE6,Adpter,4,-63.5
12:14.4,10004C0YLE000A07QM9,Adpter,4,-66.5
12:14.4,1000C0YLE9000A07Q94,Adpter,4,-67.5
12:14.4,1000C0Y7LE000A07QG8,Adpter,4,-65
12:14.4,10030C0YLE000A07QL9,Adpter,4,-67
12:14.4,10200C0YLE000A07QB8,Adpter,4,-61.5
12:14.4,10004C0YLE000A07QM0,Adpter,4,-65
12:14.4,1000C0Y7LE000A07QG8,Adpter,4,-65.5
12:14.4,1000C50YLE000A07QE6,Adpter,4,-63
12:14.4,10004C0YLE000A07QM9,Adpter,4,-65.5
12:14.4,1000C0YLE9000A07Q03,Adpter,4,-65.5
12:14.4,10200C0YLE000A07QB9,Adpter,4,-60.5
12:14.4,1000C0YLE9000A07Q94,Adpter,4,-68
12:14.4,10030C0YLE000A07QL9,Adpter,4,-67
12:14.5,10004C0YLE000A07QM1,Adpter,3,-64
12:14.5,1000C0Y7LE000A07QG8,Adpter,3,-65.5
12:14.5,1000C0Y7LE000A07QG9,Adpter,3,-62
12:14.5,1000C0Y7LE000A07QG7,Adpter,3,-65.5
12:14.5,10200C0YLE000A07QB9,Adpter,3,-59
12:14.5,10200C0YLE000A07QB8,Adpter,3,-67
12:14.5,1000C0Y7LE000A07QG8,Adpter,3,-66
12:14.5,10200C0YLE000A07QB9,Adpter,3,-58.5
12:14.5,10004C0YLE000A07QM1,Adpter,3,-64.5
12:14.5,1000C0Y7LE000A07QG7,Adpter,3,-66
12:14.5,1000C0Y7LE000A07QG9,Adpter,3,-62
12:14.5,10200C0YLE000A07QB8,Adpter,3,-68
12:14.5,10004C0YLE000A07QM8,Adpter,4,-57
12:14.5,10004C0YLE000A07QM7,Adpter,4,-64
12:14.5,10030C0YLE000A07QL4,Adpter,4,-67
12:14.5,10004C0YLE000A07QM4,Adpter,4,-59.5
12:14.5,1000C50YLE000A07QE6,Adpter,4,-61
12:14.5,10004C0YLE000A07QM0,Adpter,4,-63.5
12:14.5,10004C0YLE000A07QM9,Adpter,4,-63.5
12:14.5,1000C0YLE9000A07Q94,Adpter,4,-63.5
12:14.5,10030C0YLE000A07QL9,Adpter,4,-66.5
12:14.5,1000C0YL8E000A07Q84,Adpter,4,-64
12:14.5,1000C0Y7LE000A07QG8,Adpter,4,-65
12:14.5,1000C50YLE000A07QE4,Adpter,4,-67.5
12:14.5,1000C0YLE9000A07Q03,Adpter,4,-64
12:14.5,1000C50YLE000A07QE8,Adpter,4,-66
12:14.5,10004C0YLE000A07QM1,Adpter,4,-65.5
12:14.5,10200C0YLE000A07QB8,Adpter,4,-61.5
12:14.5,1000C50YLE000A07Q59,Adpter,4,-60.5
12:14.5,10004C0YLE000A07PV2,Adpter,4,-69.5
12:14.5,10030C0YLE000A07PU8,Adpter,4,-63
12:14.5,1000C50YLE000A07Q59,Adpter,4,-60.5
12:14.5,10004C0YLE000A07QM1,Adpter,4,-64.5
12:14.5,1000C0Y7LE000A07QG8,Adpter,4,-65
12:14.5,10200C0YLE000A07QB8,Adpter,4,-60.5
12:14.5,10004C0YLE000A07QM7,Adpter,4,-60
12:14.5,10030C0YLE000A07QL4,Adpter,4,-66.5
12:14.5,10004C0YLE000A07QM4,Adpter,4,-60
12:14.5,1000C0YLE9000A07Q95,Adpter,4,-61.5
12:14.5,11000C0YLE000A07QJ6,Adpter,4,-60.5
12:14.5,10030C0YLE000A07QU2,Adpter,4,-65
12:14.5,10004C0YLE000A07QM8,Adpter,4,-56
12:14.5,1000C50YLE000A07PW2,Adpter,4,-65.5
12:14.5,1000C0YLE9000A07Q03,Adpter,4,-65.5
12:14.5,10200C0YLE000A07QB5,Adpter,4,-60
12:14.5,1000C0Y7LE000A07QG6,Adpter,4,-60.5
12:14.5,1000C50YLE000A07QE6,Adpter,4,-60.5
12:14.5,1000C06YLE000A07Q68,Adpter,4,-64
12:14.5,10004C0YLE000A07PV3,Adpter,4,-66.5
12:14.5,1000C50YLE000A07QE8,Adpter,4,-64.5
12:14.5,1000C0YL8E000A07Q84,Adpter,4,-63.5
12:14.5,1000C50YLE000A07QE7,Adpter,4,-61.5
12:14.5,1000C06YLE000A07PX3,Adpter,4,-60
12:14.5,1000C50YLE000A07QN1,Adpter,4,-67
12:14.5,10030C0YLE000A07QL9,Adpter,4,-66.5
12:14.5,10004C0YLE000A07PV2,Adpter,4,-69.5
12:14.5,10030C0YLE000A07QC6,Adpter,4,-64
12:14.5,10004C0YLE000A07QM9,Adpter,4,-67
12:14.5,10004C0YLE000A07QM0,Adpter,4,-64.5
12:14.5,1000C06YLE000A07QF7,Adpter,4,-62
12:14.6,10030C0YLE000A07QU4,Adpter,4,-69
12:14.6,10200C0YLE000A07QB8,Adpter,3,-65.5
12:14.6,10200C0YLE000A07QB8,Adpter,3,-66.5
12:14.6,1000C50YLE000A07QN3,Adpter,4,-59.5
12:14.6,1000C06YLE000A07QF7,Adpter,4,-57.5
12:14.6,1000C50YLE000A07QE8,Adpter,4,-60
12:14.6,10004C0YLE000A07QM5,Adpter,4,-57.5
12:14.6,1000C06YLE000A07Q68,Adpter,4,-60
12:14.6,1000C06YLE000A07QF1,Adpter,4,-68.5
12:14.6,10004C0YLE000A07QM8,Adpter,4,-64
12:14.6,1000C0Y7LE000A07QG9,Adpter,4,-64
12:14.6,1000C50YLE000A07QN2,Adpter,4,-61
12:14.7,1000C50YLE000A07QE9,Adpter,4,-53.5
12:14.7,1000C50YLE000A07QE6,Adpter,4,-59.5
12:14.7,1000C0Y7LE000A07QG6,Adpter,4,-56.5
12:14.7,10004C0YLE000A07QM7,Adpter,4,-57.5
12:14.7,1000C50YLE000A07QE7,Adpter,4,-67
12:14.7,1000C50YLE000A07PW3,Adpter,4,-61
12:14.7,1000C0Y7LE000A07QG7,Adpter,4,-57
12:14.7,11000C0YLE000A07QJ1,Adpter,4,-67
12:14.7,1000C50YLE000A07PW2,Adpter,4,-60.5
12:14.7,10004C0YLE000A07QD8,Adpter,4,-58.5
12:14.7,10004C0YLE000A07QM4,Adpter,4,-57.5
12:14.7,1000C0YL8E000A07Q84,Adpter,4,-59
12:14.7,1000C50YLE000A07Q56,Adpter,4,-56
12:14.7,10004C0YLE000A07QM9,Adpter,4,-57
12:14.7,10200C0YLE000A07QB6,Adpter,4,-67
12:14.7,1000C0Y7LE000A07PY6,Adpter,4,-63
12:14.7,10004C0YLE000A07QM6,Adpter,4,-60
12:14.7,10030C0YLE000A07Q32,Adpter,4,-65
12:14.7,10030C0YLE000A07QC6,Adpter,4,-58
12:14.7,10200C0YLE000A07PT5,Adpter,4,-61.5
12:14.7,1000C06YLE000A07QF5,Adpter,4,-62.5
12:14.7,1000C0Y7LE000A07QG8,Adpter,4,-61
12:14.7,1000C0YLE9000A07Q03,Adpter,4,-60
12:14.7,1000C0Y7LE000A07Q72,Adpter,4,-64.5
12:14.7,1000C0YL8E000A07QH0,Adpter,4,-59.5
12:14.7,1000C0Y7LE000A07PY0,Adpter,4,-65
12:14.7,10200C0YLE000A07PT2,Adpter,4,-64.5
12:14.7,1000C50YLE000A07Q59,Adpter,4,-58.5
12:14.7,10004C0YLE000A07QM8,Adpter,4,-58.5
12:14.7,1000C0YL8E000A07Q84,Adpter,4,-58
12:14.7,1000C06YLE000A07PX7,Adpter,4,-66
12:14.7,1000C50YLE000A07QE6,Adpter,4,-61
12:14.7,1000C50YLE000A07QE8,Adpter,4,-67
12:14.7,1000C0Y7LE000A07QG9,Adpter,4,-61
12:14.7,1000C50YLE000A07PW2,Adpter,4,-67.5
12:14.7,1000C50YLE000A07QE9,Adpter,4,-55
12:14.7,1000C0Y7LE000A07QG8,Adpter,4,-59
12:14.7,1000C0Y7LE000A07QG6,Adpter,4,-62.5
12:14.7,1000C0YL8E000A07QH0,Adpter,4,-58.5
12:14.7,1000C0YL8E000A07QH5,Adpter,4,-65
12:14.7,10200C0YLE000A07PT5,Adpter,4,-61
12:14.7,1000C0YLE9000A07Q03,Adpter,4,-59
12:14.7,10004C0YLE000A07PV5,Adpter,4,-62
12:14.7,1000C06YLE000A07Q68,Adpter,4,-57
12:14.7,1000C06YLE000A07QF7,Adpter,4,-63
12:14.7,11000C0YLE000A07QA9,Adpter,4,-67
12:14.7,10004C0YLE000A07QM5,Adpter,4,-61.5
12:14.7,1000C0YLE9000A07Q94,Adpter,4,-66
12:14.7,1000C0Y7LE000A07QP9,Adpter,4,-67
12:14.7,10030C0YLE000A07QC6,Adpter,4,-61
12:14.7,10004C0YLE000A07QM4,Adpter,4,-56
12:14.7,1000C50YLE000A07Q59,Adpter,4,-57.5
12:14.7,10030C0YLE000A07PU7,Adpter,4,-54
12:14.7,1000C50YLE000A07QN0,Adpter,4,-60
12:14.7,10030C0YLE000A07PU6,Adpter,4,-59.5
12:14.7,10004C0YLE000A07QM9,Adpter,4,-58
12:14.7,1000C0Y7LE000A07QG7,Adpter,4,-59
12:14.7,1000C50YLE000A07QE7,Adpter,4,-63
12:14.7,11000C0YLE000A07QJ1,Adpter,4,-64.5
12:14.8,1000C50YLE000A07QN3,Adpter,4,-60
12:14.8,11000C0YLE000A07QA6,Adpter,4,-66
12:14.8,10004C0YLE000A07QM7,Adpter,4,-59.5
12:14.8,1000C0Y7LE000A07PY6,Adpter,4,-63
12:14.8,1000C50YLE000A07QE4,Adpter,4,-61.5
12:14.8,10030C0YLE000A07Q32,Adpter,4,-65.5
12:14.8,10030C0YLE000A07QC1,Adpter,4,-62.5
12:14.8,1000C50YLE000A07Q57,Adpter,4,-65
12:14.8,10030C0YLE000A07PU7,Adpter,4,-50
12:14.8,10200C0YLE000A07QB8,Adpter,4,-55.5
12:14.8,1000C06YLE000A07QO1,Adpter,4,-55
12:14.8,1000C50YLE000A07Q57,Adpter,4,-62
12:14.8,1000C0Y7LE000A07QP3,Adpter,4,-62.5
12:14.8,1000C50YLE000A07PW1,Adpter,4,-64.5
12:14.8,11000C0YLE000A07QJ6,Adpter,4,-60.5
12:14.8,10030C0YLE000A07QU2,Adpter,4,-59
12:14.8,1000C50YLE000A07QN3,Adpter,4,-64
12:14.8,11000C0YLE000A07QJ0,Adpter,4,-57.5
12:14.8,1000C50YLE000A07PW2,Adpter,4,-62.5
12:14.9,1000C0Y7LE000A07QG9,Adpter,4,-58
12:14.9,1000C0Y7LE000A07QG6,Adpter,4,-56
12:14.9,1000C0YL8E000A07Q84,Adpter,4,-60.5
12:14.9,10004C0YLE000A07QM0,Adpter,4,-60.5
12:14.9,1000C50YLE000A07QE7,Adpter,4,-62.5
12:14.9,10030C0YLE000A07QC6,Adpter,4,-60
12:14.9,10200C0YLE000A07QB9,Adpter,4,-53
12:14.9,10004C0YLE000A07QM5,Adpter,4,-57
12:14.9,1000C0YLE9000A07Q03,Adpter,4,-60
12:14.9,11000C0YLE000A07QJ1,Adpter,4,-61.5
12:14.9,1000C06YLE000A07Q68,Adpter,4,-59.5
12:14.9,1000C0Y7LE000A07QG8,Adpter,4,-58.5
12:14.9,10030C0YLE000A07QL4,Adpter,4,-65
12:14.9,10004C0YLE000A07QM7,Adpter,4,-57.5
12:14.9,11000C0YLE000A07QA9,Adpter,4,-64
12:14.9,1000C0Y7LE000A07QG7,Adpter,4,-56.5
12:14.9,10030C0YLE000A07PU6,Adpter,4,-62
12:14.9,1000C50YLE000A07QN1,Adpter,4,-63
12:14.9,10200C0YLE000A07PT5,Adpter,4,-61.5
12:14.9,1000C50YLE000A07QE4,Adpter,4,-64.5
12:14.9,10200C0YLE000A07QB4,Adpter,4,-62
12:14.9,10004C0YLE000A07QM1,Adpter,4,-54.5
12:14.9,1000C06YLE000A07PX3,Adpter,4,-60
12:14.9,1000C06YLE000A07QF7,Adpter,4,-62
12:14.9,1000C06YLE000A07PX7,Adpter,4,-68
12:14.9,10004C0YLE000A07QM8,Adpter,4,-58
12:14.9,1000C50YLE000A07QE9,Adpter,4,-57.5
12:14.9,10004C0YLE000A07QM9,Adpter,4,-58.5
12:14.9,10200C0YLE000A07QB5,Adpter,4,-58.5
12:14.9,1000C50YLE000A07QE6,Adpter,4,-59
12:14.9,10004C0YLE000A07QM4,Adpter,4,-57.5
12:14.9,1000C06YLE000A07QO8,Adpter,4,-61.5
12:15.0,1000C50YLE000A07Q59,Adpter,4,-60.5
12:15.0,10200C0YLE000A07PT4,Adpter,4,-69.5
12:15.0,10200C0YLE000A07PT4,Adpter,4,-69.5
12:15.0,10200C0YLE000A07PT4,Adpter,4,-69.5
12:15.0,10200C0YLE000A07PT4,Adpter,4,-69.5
12:15.0,10200C0YLE000A07QB5,Adpter,4,-57.5
12:15.0,10030C0YLE000A07PU7,Adpter,4,-51
12:15.0,10030C0YLE000A07PU6,Adpter,4,-58
12:15.0,1000C06YLE000A07QF7,Adpter,4,-59
12:15.0,10200C0YLE000A07QB9,Adpter,4,-52.5
12:15.0,1000C50YLE000A07QE6,Adpter,4,-55.5
12:15.0,10004C0YLE000A07PV0,Adpter,4,-62.5
12:15.0,1000C50YLE000A07QN1,Adpter,4,-58.5
12:15.0,1000C06YLE000A07Q68,Adpter,4,-55.5
12:15.0,10004C0YLE000A07QM4,Adpter,4,-51.5
12:15.0,1000C0Y7LE000A07QG6,Adpter,4,-59.5
12:15.0,10004C0YLE000A07QM1,Adpter,4,-59
12:15.0,10004C0YLE000A07QM5,Adpter,4,-49.5
12:15.0,11000C0YLE000A07QA9,Adpter,4,-62.5
12:15.0,10004C0YLE000A07QM9,Adpter,4,-54.5
12:15.0,11000C0YLE000A07QJ1,Adpter,4,-60.5
12:15.0,10004C0YLE000A07QD8,Adpter,4,-59
12:15.0,1000C0Y7LE000A07QG7,Adpter,4,-56.5
12:15.0,1000C06YLE000A07QO1,Adpter,4,-55.5
12:15.0,1000C0YLE9000A07Q03,Adpter,4,-51.5
12:15.0,1000C0Y7LE000A07QG8,Adpter,4,-56.5
12:15.0,10030C0YLE000A07QL4,Adpter,4,-62.5
12:15.0,10200C0YLE000A07QB6,Adpter,4,-66.5
12:15.0,10004C0YLE000A07QM8,Adpter,4,-52
12:15.0,1000C50YLE000A07Q57,Adpter,4,-59
12:15.0,1000C06YLE000A07PX7,Adpter,4,-60.5
12:15.0,10030C0YLE000A07QU5,Adpter,4,-64
12:15.0,10200C0YLE000A07PT5,Adpter,4,-59.5
12:15.0,11000C0YLE000A07QJ6,Adpter,4,-59
12:15.0,1000C50YLE000A07PW2,Adpter,4,-62.5
12:15.0,1000C50YLE000A07QN3,Adpter,4,-54
12:15.0,1000C50YLE000A07QE9,Adpter,4,-55
12:15.0,1000C50YLE000A07QE4,Adpter,4,-58
12:15.0,11000C0YLE000A07QJ0,Adpter,4,-56
12:15.0,1000C0Y7LE000A07PY0,Adpter,4,-63
12:15.0,1000C50YLE000A07Q59,Adpter,4,-55
12:15.0,10200C0YLE000A07QB4,Adpter,4,-60
12:15.0,10004C0YLE000A07QM6,Adpter,4,-54.5
12:15.0,1000C0YL8E000A07Q84,Adpter,4,-54.5
12:15.0,1000C50YLE000A07PW1,Adpter,4,-59
12:15.0,10004C0YLE000A07QM7,Adpter,4,-56
12:15.0,1000C0Y7LE000A07QP1,Adpter,4,-63.5
12:15.0,1000C0Y7LE000A07QG9,Adpter,4,-56.5
12:15.1,10030C0YLE000A07QC6,Adpter,4,-59.5
12:15.1,1000C06YLE000A07QO2,Adpter,4,-62
12:15.1,11000C0YLE000A07QA3,Adpter,4,-67.5
12:15.1,1000C06YLE000A07PX3,Adpter,4,-57
12:15.1,1000C50YLE000A07QE7,Adpter,4,-56
12:15.1,1000C0Y7LE000A07Q78,Adpter,4,-62
12:15.1,1000C0YLE9000A07Q97,Adpter,4,-69.5
12:15.1,1000C50YLE000A07Q56,Adpter,4,-56.5
12:15.1,10200C0YLE000A07QB8,Adpter,4,-53
12:15.1,10004C0YLE000A07QM0,Adpter,4,-59.5
12:15.1,1000C06YLE000A07QO8,Adpter,4,-57
12:15.1,1000C06YLE000A07PX2,Adpter,4,-58.5
12:15.1,10030C0YLE000A07QU2,Adpter,4,-59.5
12:15.1,1000C0YLE9000A07QI2,Adpter,4,-60.5
12:15.1,10200C0YLE000A07PT4,Adpter,4,-68.5
12:15.1,1000C50YLE000A07QE5,Adpter,4,-66.5
12:15.1,10200C0YLE000A07PT0,Adpter,4,-61
12:15.1,1000C0Y7LE000A07QG6,Adpter,4,-53
12:15.1,1000C50YLE000A07QN0,Adpter,4,-60
12:15.1,11000C0YLE000A07QJ1,Adpter,4,-60
12:15.1,1000C50YLE000A07QE5,Adpter,4,-64
12:15.1,1000C06YLE000A07QF7,Adpter,4,-54
12:15.1,1000C0Y7LE000A07QG9,Adpter,4,-54
12:15.1,1000C06YLE000A07Q68,Adpter,4,-51.5
12:15.1,10200C0YLE000A07QB5,Adpter,4,-54
12:15.1,10030C0YLE000A07QC6,Adpter,4,-57
12:15.1,10004C0YLE000A07QM6,Adpter,4,-51.5
12:15.1,1000C0YL8E000A07Q84,Adpter,4,-52
12:15.1,1000C50YLE000A07QE6,Adpter,4,-48
12:15.1,1000C50YLE000A07Q57,Adpter,4,-54.5
12:15.1,10030C0YLE000A07PU7,Adpter,4,-46.5
12:15.1,10030C0YLE000A07QU2,Adpter,4,-54.5
12:15.1,10004C0YLE000A07QM4,Adpter,4,-47
12:15.1,10004C0YLE000A07QM0,Adpter,4,-56
12:15.1,10200C0YLE000A07QB9,Adpter,4,-50
12:15.1,10004C0YLE000A07QM7,Adpter,4,-50.5
12:15.1,10030C0YLE000A07PU5,Adpter,4,-63.5
12:15.1,1000C0Y7LE000A07QG7,Adpter,4,-59.5
12:15.1,1000C0YL8E000A07Q88,Adpter,4,-63
12:15.1,10004C0YLE000A07QM9,Adpter,4,-53
12:15.1,1000C0YLE9000A07Q97,Adpter,4,-66.5
12:15.1,1000C0YLE9000A07Q04,Adpter,4,-62.5
12:15.1,1000C06YLE000A07QO8,Adpter,4,-57
12:15.1,10200C0YLE000A07Q20,Adpter,4,-61
12:15.1,1000C50YLE000A07Q59,Adpter,4,-51.5
12:15.1,10004C0YLE000A07PV2,Adpter,4,-65.5
12:15.1,11000C0YLE000A07QA5,Adpter,4,-56
12:15.1,1000C0YLE9000A07Q03,Adpter,4,-46
12:15.1,10030C0YLE000A07QU5,Adpter,4,-59.5
12:15.1,10004C0YLE000A07PV5,Adpter,4,-63.5
12:15.1,10030C0YLE000A07Q33,Adpter,4,-58
12:15.1,1000C0Y7LE000A07PY0,Adpter,4,-58
12:15.1,1000C0Y7LE000A07Q78,Adpter,4,-56
12:15.1,10004C0YLE000A07QM1,Adpter,4,-52.5
12:15.1,10004C0YLE000A07PV0,Adpter,4,-59
12:15.1,11000C0YLE000A07QJ0,Adpter,4,-54.5
12:15.1,1000C0Y7LE000A07QP9,Adpter,4,-66
12:15.1,1000C0Y7LE000A07QG8,Adpter,4,-55.5
12:15.1,10030C0YLE000A07QU6,Adpter,4,-67.5
12:15.1,11000C0YLE000A07QS2,Adpter,4,-60.5
12:15.1,10030C0YLE000A07Q32,Adpter,4,-61
12:15.1,10200C0YLE000A07PT4,Adpter,4,-67.5
12:15.1,1000C50YLE000A07PW2,Adpter,4,-52.5
12:15.1,1000C0YLE9000A07Q93,Adpter,4,-63
12:15.1,10030C0YLE000A07QC1,Adpter,4,-62
12:15.1,11000C0YLE000A07Q16,Adpter,4,-57
12:15.1,1000C50YLE000A07Q53,Adpter,4,-49.5
12:15.1,10030C0YLE000A07PU6,Adpter,4,-52.5
12:15.1,1000C50YLE000A07QN6,Adpter,4,-63
12:15.1,10004C0YLE000A07Q49,Adpter,4,-66.5
12:15.1,10030C0YLE000A07QU7,Adpter,4,-57.5
12:15.1,1000C0YLE9000A07Q95,Adpter,4,-56
12:15.1,1000C0YL8E000A07QH0,Adpter,4,-56
12:15.1,1000C0Y7LE000A07QP2,Adpter,4,-58.5
12:15.1,1000C0YL8E000A07QH5,Adpter,4,-57
12:15.1,1000C50YLE000A07PW1,Adpter,4,-55
12:15.1,1000C06YLE000A07PX4,Adpter,4,-63.5
12:15.1,10200C0YLE000A07QB8,Adpter,4,-50
12:15.1,1000C50YLE000A07QE8,Adpter,4,-51
12:15.1,1000C50YLE000A07QN3,Adpter,4,-54
12:15.1,1000C50YLE000A07QE9,Adpter,4,-51.5
12:15.1,1000C50YLE000A07QE7,Adpter,4,-51
12:15.1,1000C0YLE9000A07Q94,Adpter,4,-55.5
12:15.1,10004C0YLE000A07PV3,Adpter,4,-68.5
12:15.1,10030C0YLE000A07QL4,Adpter,4,-56
12:15.1,10004C0YLE000A07QD8,Adpter,4,-58
12:15.1,1000C06YLE000A07PX7,Adpter,4,-63.5
12:15.1,10004C0YLE000A07QM8,Adpter,4,-50.5
12:15.1,1000C50YLE000A07QE4,Adpter,4,-55.5
12:15.1,11000C0YLE000A07QA8,Adpter,4,-62
12:15.1,11000C0YLE000A07QJ6,Adpter,4,-48.5
12:15.1,1000C0Y7LE000A07Q76,Adpter,4,-66.5
12:15.1,1000C06YLE000A07PX2,Adpter,4,-50
12:15.1,10030C0YLE000A07PU8,Adpter,4,-55.5
12:15.1,11000C0YLE000A07PS9,Adpter,4,-55
12:15.1,10004C0YLE000A07QM5,Adpter,4,-46
12:15.1,11000C0YLE000A07QA4,Adpter,4,-49
12:15.1,10200C0YLE000A07QB4,Adpter,4,-52.5
12:15.1,1000C0YL8E000A07PZ7,Adpter,4,-62.5
12:15.1,11000C0YLE000A07PS2,Adpter,4,-61
12:15.1,11000C0YLE000A07QA9,Adpter,4,-64.5
12:15.1,1000C0YLE9000A07Q05,Adpter,4,-63
12:15.1,1000C0YL8E000A07PZ3,Adpter,4,-58.5
12:15.2,1000C0YLE9000A07QI2,Adpter,4,-53.5
12:15.2,1000C06YLE000A07QO1,Adpter,4,-54.5
12:15.2,1000C50YLE000A07Q56,Adpter,4,-55
12:15.2,1000C06YLE000A07QO2,Adpter,4,-61.5
12:15.2,10200C0YLE000A07PT5,Adpter,4,-53.5
12:15.2,10030C0YLE000A07QL9,Adpter,4,-58.5
12:15.2,1000C06YLE000A07QO0,Adpter,4,-57.5
12:15.2,10030C0YLE000A07QU4,Adpter,4,-59
12:15.2,1000C06YLE000A07PX3,Adpter,4,-53.5
12:15.2,1000C50YLE000A07QN1,Adpter,4,-58.5
12:15.2,1000C06YLE000A07Q60,Adpter,4,-57.5
12:15.2,10200C0YLE000A07QB6,Adpter,4,-62
12:15.2,1000C0Y7LE000A07QP1,Adpter,4,-57
12:15.2,10030C0YLE000A07QU3,Adpter,4,-69.5
12:15.2,10004C0YLE000A07PV2,Adpter,4,-62
12:15.2,10004C0YLE000A07PV2,Adpter,4,-62
12:15.2,10004C0YLE000A07PV2,Adpter,4,-62
12:15.2,11000C0YLE000A07PS6,Adpter,4,-69.5
12:15.2,1000C0YLE9000A07Q03,Adpter,4,-41
12:15.2,11000C0YLE000A07QA4,Adpter,4,-50.5
12:15.2,11000C0YLE000A07Q16,Adpter,4,-53.5
12:15.2,11000C0YLE000A07QA8,Adpter,4,-65.5
12:15.2,1000C50YLE000A07QE5,Adpter,4,-56.5
12:15.2,1000C0Y7LE000A07QG6,Adpter,4,-50.5
12:15.2,10200C0YLE000A07QB5,Adpter,4,-53.5
12:15.2,1000C50YLE000A07QN2,Adpter,4,-49
12:15.2,1000C0YLE9000A07Q04,Adpter,4,-52.5
12:15.2,10200C0YLE000A07Q20,Adpter,4,-60.5
12:15.2,1000C06YLE000A07PX2,Adpter,4,-47.5
12:15.2,1000C06YLE000A07QF5,Adpter,4,-54.5
12:15.2,1000C06YLE000A07QO0,Adpter,4,-56.5
12:15.2,1000C0Y7LE000A07Q72,Adpter,4,-51
12:15.2,10004C0YLE000A07QM8,Adpter,4,-48.5
12:15.2,1000C50YLE000A07Q53,Adpter,4,-45
12:15.2,10030C0YLE000A07QC1,Adpter,4,-64.5
12:15.2,1000C0Y7LE000A07QG7,Adpter,4,-50.5
12:15.2,11000C0YLE000A07PS5,Adpter,4,-60
12:15.2,1000C0Y7LE000A07QG9,Adpter,4,-51
12:15.2,1000C0Y7LE000A07QP4,Adpter,4,-53.5
12:15.2,1000C0Y7LE000A07Q71,Adpter,4,-51
12:15.2,10004C0YLE000A07QM6,Adpter,4,-46
12:15.2,11000C0YLE000A07QJ6,Adpter,4,-47
12:15.2,10004C0YLE000A07QM9,Adpter,4,-45.5
12:15.2,10030C0YLE000A07QU4,Adpter,4,-58
12:15.2,11000C0YLE000A07QJ0,Adpter,4,-55.5
12:15.2,11000C0YLE000A07PS1,Adpter,4,-61.5
12:15.2,10004C0YLE000A07QM7,Adpter,4,-50
12:15.2,1000C0YL8E000A07QH0,Adpter,4,-52.5
12:15.2,1000C0YLE9000A07QR2,Adpter,4,-55
12:15.2,1000C0Y7LE000A07QP3,Adpter,4,-50
12:15.2,1000C0Y7LE000A07PY3,Adpter,4,-59
12:15.2,10200C0YLE000A07PT5,Adpter,4,-50.5
12:15.2,1000C50YLE000A07QE6,Adpter,4,-45.5
12:15.3,1000C50YLE000A07QE9,Adpter,4,-51.5
12:15.3,10200C0YLE000A07QB9,Adpter,4,-41.5
12:15.3,1000C0Y7LE000A07PY4,Adpter,4,-60
12:15.3,1000C0Y7LE000A07PY0,Adpter,4,-60
12:15.3,10030C0YLE000A07QU7,Adpter,4,-54
12:15.3,1000C50YLE000A07Q59,Adpter,4,-48.5
12:15.3,1000C0YLE9000A07Q05,Adpter,4,-59
12:15.3,11000C0YLE000A07Q15,Adpter,4,-63
12:15.3,1000C0YLE9000A07QI3,Adpter,4,-59
12:15.3,1000C50YLE000A07Q56,Adpter,4,-58
12:15.3,1000C50YLE000A07QN3,Adpter,4,-54
12:15.3,1000C50YLE000A07PW1,Adpter,4,-48
12:15.3,1000C50YLE000A07QE8,Adpter,4,-51.5
12:15.3,10004C0YLE000A07QM1,Adpter,4,-50
12:15.3,10030C0YLE000A07QU2,Adpter,4,-51.5
12:15.3,10004C0YLE000A07QM5,Adpter,4,-38
12:15.3,1000C0Y7LE000A07QP2,Adpter,4,-45
12:15.3,10200C0YLE000A07QB4,Adpter,4,-50
12:15.3,10004C0YLE000A07PV0,Adpter,4,-56
12:15.3,10004C0YLE000A07Q49,Adpter,4,-64.5
12:15.3,1000C0YL8E000A07Q82,Adpter,4,-63.5
12:15.3,1000C06YLE000A07PX3,Adpter,4,-53.5
12:15.3,1000C50YLE000A07PW2,Adpter,4,-52.5
12:15.3,1000C0YL8E000A07QH2,Adpter,4,-51
12:15.3,10030C0YLE000A07QL8,Adpter,4,-54
12:15.3,1000C06YLE000A07Q68,Adpter,4,-43
12:15.3,1000C50YLE000A07QE4,Adpter,4,-54
12:15.3,10030C0YLE000A07QC6,Adpter,4,-46
12:15.3,1000C0YLE9000A07Q93,Adpter,4,-48
12:15.3,1000C06YLE000A07QO8,Adpter,4,-49.5
12:15.3,1000C06YLE000A07QF7,Adpter,4,-54.5
12:15.3,1000C0Y7LE000A07Q78,Adpter,4,-46.5
12:15.3,1000C50YLE000A07QE7,Adpter,4,-51
12:15.3,11000C0YLE000A07PS9,Adpter,4,-49.5
12:15.3,1000C0Y7LE000A07QP1,Adpter,4,-53.5
12:15.3,81000020200226000A100175,Adpter,4,-53
12:15.3,1000C0YLE9000A07Q94,Adpter,4,-41.5
12:15.3,1000C0Y7LE000A07PY1,Adpter,4,-65.5
12:15.3,10030C0YLE000A07PU8,Adpter,4,-54
12:15.3,10004C0YLE000A07QM4,Adpter,4,-40.5
12:15.3,10030C0YLE000A07QL9,Adpter,4,-58
12:15.3,10200C0YLE000A07QK8,Adpter,4,-51.5
12:15.3,11000C0YLE000A07QA5,Adpter,4,-53
12:15.3,1000C0YL8E000A07PZ3,Adpter,4,-55.5
12:15.3,1000C0YLE9000A07Q00,Adpter,4,-65.5
12:15.3,1000C0Y7LE000A07QG8,Adpter,4,-52.5
12:15.3,10004C0YLE000A07QD7,Adpter,4,-51.5
12:15.3,10030C0YLE000A07QU6,Adpter,4,-64
12:15.3,10030C0YLE000A07PU6,Adpter,4,-52
12:15.3,1000C50YLE000A07Q58,Adpter,4,-57
12:15.3,1000C0Y7LE000A07PY5,Adpter,4,-54.5
12:15.3,1000C0YL8E000A07PZ6,Adpter,4,-56.5
12:15.3,1000C06YLE000A07PX7,Adpter,4,-68
12:15.3,10200C0YLE000A07PT1,Adpter,4,-57.5
12:15.3,1000C50YLE000A07QN0,Adpter,4,-51.5
12:15.3,10200C0YLE000A07PT2,Adpter,4,-51.5
12:15.3,1000C0YL8E000A07Q85,Adpter,4,-54
12:15.3,1000C50YLE000A07PW3,Adpter,4,-51
12:15.3,1000C06YLE000A07PX4,Adpter,4,-59.5
12:15.3,1000C0YL8E000A07QQ4,Adpter,4,-61.5
12:15.3,10200C0YLE000A07PT0,Adpter,4,-56
12:15.3,10200C0YLE000A07QB8,Adpter,4,-44.5
12:15.3,1000C0YL8E000A07Q88,Adpter,4,-58
12:15.3,10030C0YLE000A07Q32,Adpter,4,-58.5
12:15.3,1000C50YLE000A07QN1,Adpter,4,-66.5
12:15.3,10030C0YLE000A07QC2,Adpter,4,-52
12:15.3,10030C0YLE000A07QL4,Adpter,4,-53
12:15.3,10030C0YLE000A07Q38,Adpter,4,-54.5
12:15.3,1000C06YLE000A07QO9,Adpter,4,-59.5
12:15.3,10030C0YLE000A07QU5,Adpter,4,-57.5
12:15.3,10030C0YLE000A07PU7,Adpter,4,-48.5
12:15.3,1000C0Y7LE000A07Q70,Adpter,4,-54
12:15.3,1000C0YL8E000A07QH5,Adpter,4,-49
12:15.3,11000C0YLE000A07QA7,Adpter,4,-59
12:15.3,10004C0YLE000A07QM0,Adpter,4,-55.5
12:15.3,1000C0YLE9000A07Q97,Adpter,4,-62
12:15.3,1000C06YLE000A07QO1,Adpter,4,-54.5
12:15.3,1000C0YLE9000A07Q91,Adpter,4,-66.5
12:15.3,10004C0YLE000A07QD0,Adpter,4,-61
12:15.3,11000C0YLE000A07Q19,Adpter,4,-49.5
12:15.3,1000C06YLE000A07QO2,Adpter,4,-59.5
12:15.3,1000C0YL8E000A07Q84,Adpter,4,-41.5
12:15.3,11000C0YLE000A07Q17,Adpter,4,-59
12:15.3,1000C0YLE9000A07Q06,Adpter,4,-62
12:15.3,10004C0YLE000A07PV3,Adpter,4,-60
12:15.3,10030C0YLE000A07QU3,Adpter,4,-65
12:15.3,1000C0YL8E000A07Q86,Adpter,4,-56.5
12:15.3,1000C0YL8E000A07Q83,Adpter,4,-58
12:15.3,10200C0YLE000A07QB6,Adpter,4,-62
12:15.3,1000C0YLE9000A07QI2,Adpter,4,-49.5
12:15.3,11000C0YLE000A07QJ7,Adpter,4,-55
12:15.3,1000C50YLE000A07Q52,Adpter,4,-62
12:15.3,11000C0YLE000A07PS2,Adpter,4,-58.5
12:15.3,11000C0YLE000A07QJ1,Adpter,4,-59.5
12:15.3,1000C0Y7LE000A07Q79,Adpter,4,-62
12:15.3,10004C0YLE000A07PV4,Adpter,4,-66
12:15.3,10004C0YLE000A07PV5,Adpter,4,-57.5
12:15.3,1000C0YL8E000A07QQ3,Adpter,4,-59
12:15.3,1000C0YL8E000A07PZ7,Adpter,4,-55.5
12:15.3,10030C0YLE000A07PU0,Adpter,4,-59
12:15.3,1000C50YLE000A07PW0,Adpter,4,-63.5
12:15.3,1000C0Y7LE000A07Q76,Adpter,4,-58
12:15.3,11000C0YLE000A07QA9,Adpter,4,-63
12:15.3,1000C0Y7LE000A07QP9,Adpter,4,-63
12:15.3,1000C06YLE000A07Q60,Adpter,4,-64
12:15.3,1000C0YL8E000A07QQ5,Adpter,4,-64
12:15.3,1000C0YL8E000A07QQ5,Adpter,4,-63.5
12:15.3,1000C0YL8E000A07QQ5,Adpter,4,-64
12:15.5,1000C0Y7LE000A07Q72,Adpter,3,-65.5
12:15.5,1000C0Y7LE000A07QP3,Adpter,3,-66.5
12:15.5,1000C0YL8E000A07Q84,Adpter,3,-65.5
12:15.5,1000C0YLE9000A07Q94,Adpter,3,-66.5
12:15.5,1000C0Y7LE000A07QP3,Adpter,3,-65.5
12:15.5,1000C0YLE9000A07Q94,Adpter,3,-66.5
12:15.5,1000C0Y7LE000A07Q72,Adpter,3,-64
12:15.5,1000C0Y7LE000A07PY5,Adpter,4,-53.5
12:15.5,10004C0YLE000A07QD7,Adpter,4,-47.5
12:15.5,1000C0YL8E000A07QH5,Adpter,4,-48.5
12:15.5,10030C0YLE000A07PU7,Adpter,4,-48.5
12:15.5,1000C0Y7LE000A07Q72,Adpter,4,-38.5
12:15.5,1000C0YLE9000A07Q04,Adpter,4,-42
12:15.5,1000C50YLE000A07QE9,Adpter,4,-51.5
12:15.5,1000C06YLE000A07Q68,Adpter,4,-41
12:15.5,1000C06YLE000A07QO8,Adpter,4,-45.5
12:15.5,10004C0YLE000A07PV6,Adpter,4,-61.5
12:15.5,10030C0YLE000A07QU7,Adpter,4,-54
12:15.5,10004C0YLE000A07QM4,Adpter,4,-44
12:15.5,1000C0YLE9000A07Q92,Adpter,4,-47
12:15.5,1000C0YLE9000A07QR8,Adpter,4,-59.5
12:15.5,10004C0YLE000A07QM7,Adpter,4,-51.5
12:15.5,1000C0YLE9000A07Q03,Adpter,4,-36
12:15.5,11000C0YLE000A07PS9,Adpter,4,-43.5
12:15.5,1000C0Y7LE000A07QP3,Adpter,4,-36.5
12:15.5,1000C0YLE9000A07Q94,Adpter,4,-34.5
12:15.5,1000C50YLE000A07PW4,Adpter,4,-51
12:15.5,10030C0YLE000A07QC6,Adpter,4,-54.5
12:15.5,1000C06YLE000A07QF5,Adpter,4,-45
12:15.5,10200C0YLE000A07QK4,Adpter,4,-58.5
12:15.5,1000C0YL8E000A07QQ4,Adpter,4,-56.5
12:15.5,1000C0YL8E000A07Q82,Adpter,4,-59.5
12:15.5,1000C0YLE9000A07Q06,Adpter,4,-56
12:15.5,1000C0Y7LE000A07QG6,Adpter,4,-46
12:15.5,1000C0YL8E000A07Q85,Adpter,4,-52
12:15.5,1000C0YL8E000A07Q88,Adpter,4,-65.5
12:15.5,11000C0YLE000A07Q19,Adpter,4,-48.5
12:15.5,11000C0YLE000A07Q16,Adpter,4,-44
12:15.5,1000C0Y7LE000A07QP2,Adpter,4,-47
12:15.5,11000C0YLE000A07QJ6,Adpter,4,-46
12:15.5,1000C0Y7LE000A07QP4,Adpter,4,-50.5
12:15.5,1000C0Y7LE000A07QG8,Adpter,4,-49
12:15.5,1000C50YLE000A07Q58,Adpter,4,-56
12:15.5,1000C50YLE000A07PW1,Adpter,4,-46.5
12:15.5,1000C50YLE000A07Q53,Adpter,4,-38.5
12:15.5,10030C0YLE000A07PU3,Adpter,4,-48.5
12:15.5,1000C0Y7LE000A07Q79,Adpter,4,-63
12:15.5,1000C0YLE9000A07Q00,Adpter,4,-46.5
12:15.5,10200C0YLE000A07QB8,Adpter,4,-42
12:15.5,10030C0YLE000A07PU6,Adpter,4,-51
12:15.5,1000C06YLE000A07QO0,Adpter,4,-52
12:15.5,1000C0Y7LE000A07QG9,Adpter,4,-49
12:15.5,10200C0YLE000A07QB9,Adpter,4,-42
12:15.5,1000C06YLE000A07QO1,Adpter,4,-56.5
12:15.5,1000C0YLE9000A07Q05,Adpter,4,-51
12:15.5,10004C0YLE000A07QM0,Adpter,4,-55.5
12:15.5,10200C0YLE000A07PT5,Adpter,4,-40.5
12:15.5,1000C50YLE000A07Q59,Adpter,4,-48
12:15.5,10030C0YLE000A07Q39,Adpter,4,-50
12:15.5,1000C0YL8E000A07PZ4,Adpter,4,-52
12:15.5,1000C50YLE000A07QE6,Adpter,4,-44.5
12:15.5,11000C0YLE000A07QJ0,Adpter,4,-57
12:15.5,1000C0YLE9000A07Q02,Adpter,4,-59.5
12:15.5,10004C0YLE000A07QM9,Adpter,4,-43
12:15.5,11000C0YLE000A07Q17,Adpter,4,-55
12:15.5,1000C06YLE000A07PX2,Adpter,4,-42
12:15.5,10030C0YLE000A07QC2,Adpter,4,-49
12:15.5,10030C0YLE000A07QL8,Adpter,4,-47.5
12:15.5,10004C0YLE000A07QM5,Adpter,4,-43
12:15.5,1000C0YLE9000A07Q07,Adpter,4,-62
12:15.5,10030C0YLE000A07Q38,Adpter,4,-52.5
12:15.5,1000C50YLE000A07QN3,Adpter,4,-60.5
12:15.5,10004C0YLE000A07PV0,Adpter,4,-58.5
12:15.5,1000C50YLE000A07PW3,Adpter,4,-45.5
12:15.5,10200C0YLE000A07PT0,Adpter,4,-51.5
12:15.5,1000C0Y7LE000A07Q78,Adpter,4,-45
12:15.5,11000C0YLE000A07QJ7,Adpter,4,-51
12:15.5,1000C0Y7LE000A07QG7,Adpter,4,-44.5
12:15.5,10200C0YLE000A07Q27,Adpter,4,-49
12:15.5,10004C0YLE000A07QM6,Adpter,4,-45
12:15.5,10200C0YLE000A07QK1,Adpter,4,-57.5
12:15.5,1000C06YLE000A07Q69,Adpter,4,-54.5
12:15.5,1000C0YL8E000A07QQ5,Adpter,4,-58
12:15.5,10030C0YLE000A07QU2,Adpter,4,-49
12:15.5,10030C0YLE000A07PU0,Adpter,4,-47.5
12:15.5,10200C0YLE000A07QK2,Adpter,4,-58
12:15.5,1000C0Y7LE000A07PY4,Adpter,4,-55
12:15.5,11000C0YLE000A07Q15,Adpter,4,-44.5
12:15.5,1000C06YLE000A07PX3,Adpter,4,-52
12:15.5,1000C0Y7LE000A07Q74,Adpter,4,-50
12:15.5,1000C50YLE000A07QN0,Adpter,4,-54.5
12:15.5,10030C0YLE000A07QC7,Adpter,4,-51
12:15.5,10200C0YLE000A07QK0,Adpter,4,-52
12:15.5,10004C0YLE000A07PV5,Adpter,4,-58
12:15.5,11000C0YLE000A07QA4,Adpter,4,-57.5
12:15.5,1000C0Y7LE000A07QP1,Adpter,4,-60.5
12:15.5,1000C0Y7LE000A07PY0,Adpter,4,-45.5
12:15.5,10004C0YLE000A07QD0,Adpter,4,-60
12:15.5,1000C0Y7LE000A07QP9,Adpter,4,-64.5
12:15.5,11000C0YLE000A07PS5,Adpter,4,-57.5
12:15.5,1000C50YLE000A07QE8,Adpter,4,-47.5
12:15.6,11000C0YLE000A07PS0,Adpter,4,-44
12:15.6,10200C0YLE000A07QB4,Adpter,4,-47.5
12:15.6,81000020200226000A100175,Adpter,4,-51.5
12:15.6,1000C0YLE9000A07Q93,Adpter,4,-45
12:15.6,10200C0YLE000A07PT2,Adpter,4,-57
12:15.6,1000C0YLE9000A07QI2,Adpter,4,-50
12:15.6,10004C0YLE000A07PV2,Adpter,4,-56
12:15.6,10030C0YLE000A07QL4,Adpter,4,-49
12:15.6,11000C0YLE000A07PS1,Adpter,4,-51.5
12:15.6,10004C0YLE000A07QM8,Adpter,4,-46.5
12:15.6,1000C50YLE000A07QE4,Adpter,4,-50.5
12:15.6,10030C0YLE000A07QL3,Adpter,4,-51.5
12:15.6,1000C50YLE000A07QN2,Adpter,4,-58.5
12:15.6,10200C0YLE000A07QK8,Adpter,4,-51
12:15.6,1000C0YLE9000A07QI3,Adpter,4,-54.5
12:15.6,1000C0Y7LE000A07PY6,Adpter,4,-55
12:15.6,10004C0YLE000A07PV3,Adpter,4,-55
12:15.6,1000C0YL8E000A07QH2,Adpter,4,-50.5
12:15.6,10004C0YLE000A07QM1,Adpter,4,-57
12:15.6,1000C50YLE000A07PW0,Adpter,4,-63.5
12:15.6,11000C0YLE000A07PS4,Adpter,4,-52
12:15.6,11000C0YLE000A07QA5,Adpter,4,-56.5
12:15.6,10200C0YLE000A07PT1,Adpter,4,-56.5
12:15.6,1000C0YL8E000A07QH1,Adpter,4,-55.5
12:15.6,1000C0YL8E000A07QH0,Adpter,4,-55.5
12:15.6,10200C0YLE000A07QB6,Adpter,4,-61
12:15.6,10030C0YLE000A07PU4,Adpter,4,-64.5
12:15.6,1000C50YLE000A07QE7,Adpter,4,-51.5
12:15.6,11000C0YLE000A07QA7,Adpter,4,-59
12:15.6,10200C0YLE000A07QB5,Adpter,4,-52.5
12:15.6,10030C0YLE000A07QC4,Adpter,4,-55.5
12:15.6,10200C0YLE000A07Q26,Adpter,4,-54
12:15.6,1000C0YL8E000A07PZ3,Adpter,4,-62
12:15.6,1000C50YLE000A07QE3,Adpter,4,-61
12:15.6,1000C06YLE000A07Q60,Adpter,4,-59.5
12:15.6,1000C06YLE000A07PX4,Adpter,4,-58
12:15.6,1000C0YL8E000A07QQ3,Adpter,4,-60
12:15.6,1000C0YLE9000A07Q97,Adpter,4,-56
12:15.6,1000C0Y7LE000A07Q71,Adpter,4,-56
12:15.6,1000C0YLE9000A07QR2,Adpter,4,-56
12:15.6,10030C0YLE000A07PU9,Adpter,4,-56.5
12:15.6,11000C0YLE000A07QJ1,Adpter,4,-65
12:15.6,11000C0YLE000A07QA6,Adpter,4,-64
12:15.6,1000C0Y7LE000A07PY3,Adpter,4,-61
12:15.6,10030C0YLE000A07QL9,Adpter,4,-62.5
12:15.6,1000C0Y7LE000A07Q73,Adpter,4,-61
12:15.6,10200C0YLE000A07PT3,Adpter,4,-63
12:15.6,10004C0YLE000A07Q49,Adpter,4,-58.5
12:15.6,1000C50YLE000A07Q56,Adpter,4,-65
12:15.6,10200C0YLE000A07QK9,Adpter,4,-63.5
12:15.6,11000C0YLE000A07QA9,Adpter,4,-67.5
12:15.6,1000C50YLE000A07PW2,Adpter,4,-62
12:15.6,1000C50YLE000A07Q52,Adpter,4,-61.5
12:15.6,1000C50YLE000A07QE5,Adpter,4,-61
12:15.6,10030C0YLE000A07QU3,Adpter,4,-64
12:15.6,10200C0YLE000A07PT7,Adpter,4,-65
12:15.6,1000C0YLE9000A07Q91,Adpter,4,-62
12:15.7,1000C0Y7LE000A07Q77,Adpter,4,-51.5
12:15.7,1000C0Y7LE000A07Q72,Adpter,4,-42
12:15.7,10200C0YLE000A07PT1,Adpter,4,-59
12:15.7,11000C0YLE000A07PS0,Adpter,4,-50
12:15.7,1000C0YLE9000A07Q92,Adpter,4,-48
12:15.7,1000C0YL8E000A07QQ4,Adpter,4,-57
12:15.7,10200C0YLE000A07QB9,Adpter,4,-48
12:15.7,1000C50YLE000A07QE6,Adpter,4,-50
12:15.7,1000C0Y7LE000A07QP3,Adpter,4,-40.5
12:15.7,1000C06YLE000A07Q68,Adpter,4,-49.5
12:15.7,1000C0YLE9000A07Q04,Adpter,4,-45.5
12:15.7,10030C0YLE000A07QL4,Adpter,4,-52.5
12:15.7,10030C0YLE000A07QC4,Adpter,4,-57
12:15.7,1000C50YLE000A07Q59,Adpter,4,-54
12:15.7,81000020200226000A100175,Adpter,4,-49
12:15.7,1000C0Y7LE000A07PY0,Adpter,4,-40.5
12:15.7,1000C0YL8E000A07Q84,Adpter,4,-51
12:15.7,10004C0YLE000A07QM5,Adpter,4,-49.5
12:15.7,1000C50YLE000A07QN3,Adpter,4,-62.5
12:15.7,10030C0YLE000A07QC5,Adpter,4,-58
12:15.7,1000C0YL8E000A07QQ5,Adpter,4,-57.5
12:15.7,10200C0YLE000A07QB4,Adpter,4,-51.5
12:15.7,1000C50YLE000A07QE9,Adpter,4,-47.5
12:15.7,10004C0YLE000A07Q49,Adpter,4,-61.5
12:15.7,11000C0YLE000A07PS5,Adpter,4,-52
12:15.7,11000C0YLE000A07Q15,Adpter,4,-45.5
12:15.7,1000C50YLE000A07PW3,Adpter,4,-47
12:15.7,1000C06YLE000A07PX2,Adpter,4,-48
12:15.7,11000C0YLE000A07QJ6,Adpter,4,-49
12:15.7,10200C0YLE000A07QB8,Adpter,4,-46
12:15.7,1000C0YLE9000A07Q91,Adpter,4,-61.5
12:15.7,1000C0YLE9000A07Q00,Adpter,4,-43.5
12:15.7,10030C0YLE000A07QC2,Adpter,4,-56.5
12:15.7,1000C50YLE000A07PW4,Adpter,4,-54
12:15.7,1000C0Y7LE000A07QG7,Adpter,4,-49.5
12:15.7,1000C0YLE9000A07Q03,Adpter,4,-50.5
12:15.7,10030C0YLE000A07PU9,Adpter,4,-58
12:15.7,10004C0YLE000A07QM6,Adpter,4,-50
12:15.7,1000C50YLE000A07QE7,Adpter,4,-55
12:15.7,1000C0YL8E000A07QH0,Adpter,4,-61.5
12:15.7,1000C50YLE000A07QE8,Adpter,4,-50
12:15.7,1000C06YLE000A07QF5,Adpter,4,-50.5
12:15.7,10030C0YLE000A07Q33,Adpter,4,-57
12:15.7,10200C0YLE000A07PT5,Adpter,4,-45
12:15.7,10004C0YLE000A07QM7,Adpter,4,-53
12:15.7,10030C0YLE000A07QU2,Adpter,4,-53.5
12:15.7,10030C0YLE000A07QL5,Adpter,4,-58
12:15.7,1000C0YLE9000A07Q02,Adpter,4,-59.5
12:15.7,1000C0YLE9000A07Q94,Adpter,4,-40.5
12:15.7,10004C0YLE000A07QM9,Adpter,4,-48.5
12:15.7,1000C06YLE000A07Q63,Adpter,4,-57
12:15.7,10004C0YLE000A07QD8,Adpter,4,-61
12:15.7,1000C50YLE000A07Q53,Adpter,4,-52
12:15.7,1000C0YLE9000A07Q05,Adpter,4,-53.5
12:15.7,10004C0YLE000A07QM8,Adpter,4,-48.5
12:15.7,1000C0Y7LE000A07Q78,Adpter,4,-57.5
12:15.7,10030C0YLE000A07QC6,Adpter,4,-55
12:15.7,1000C0Y7LE000A07PY5,Adpter,4,-60.5
12:15.7,1000C0YLE9000A07Q97,Adpter,4,-57
12:15.7,1000C50YLE000A07PW1,Adpter,4,-48.5
12:15.7,10200C0YLE000A07Q21,Adpter,4,-57.5
12:15.7,1000C0YLE9000A07QI2,Adpter,4,-56.5
12:15.7,11000C0YLE000A07Q16,Adpter,4,-47.5
12:15.7,10200C0YLE000A07QK0,Adpter,4,-55
12:15.7,1000C0YLE9000A07Q93,Adpter,4,-56.5
12:15.7,1000C0Y7LE000A07QG6,Adpter,4,-51
12:15.7,11000C0YLE000A07PS9,Adpter,4,-53.5
12:15.7,10030C0YLE000A07QC7,Adpter,4,-51.5
12:15.7,1000C0YL8E000A07Q88,Adpter,4,-53.5
12:15.7,1000C0Y7LE000A07Q71,Adpter,4,-49.5
12:15.7,1000C0Y7LE000A07PY6,Adpter,4,-62
12:15.7,10004C0YLE000A07QM4,Adpter,4,-55.5
12:15.7,10030C0YLE000A07PU0,Adpter,4,-64
12:15.7,1000C50YLE000A07QE4,Adpter,4,-56.5
12:15.7,11000C0YLE000A07PS1,Adpter,4,-62
12:15.7,10004C0YLE000A07PV3,Adpter,4,-61
12:15.7,10200C0YLE000A07QB5,Adpter,4,-57
12:15.7,10200C0YLE000A07PT0,Adpter,4,-63
12:15.7,1000C0Y7LE000A07PY4,Adpter,4,-63
12:15.7,10004C0YLE000A07PV0,Adpter,4,-59.5
12:15.7,10004C0YLE000A07PV5,Adpter,4,-62
12:15.7,10004C0YLE000A07QD3,Adpter,4,-57
12:15.7,1000C0Y7LE000A07QP4,Adpter,4,-64
12:15.7,1000C06YLE000A07QF1,Adpter,4,-59.5
12:15.7,1000C0YLE9000A07Q06,Adpter,4,-58
12:15.7,10004C0YLE000A07PV1,Adpter,4,-58.5
12:15.7,10030C0YLE000A07QU1,Adpter,4,-63
12:15.7,11000C0YLE000A07PS4,Adpter,4,-54
12:15.7,1000C50YLE000A07Q57,Adpter,4,-50
12:15.8,1000C0Y7LE000A07Q74,Adpter,4,-54
12:15.8,10200C0YLE000A07QK9,Adpter,4,-60.5
12:15.8,10030C0YLE000A07QU7,Adpter,4,-58
12:15.8,1000C0YL8E000A07PZ4,Adpter,4,-62.5
12:15.8,1000C06YLE000A07QO8,Adpter,4,-59.5
12:15.8,10004C0YLE000A07QD7,Adpter,4,-53
12:15.8,1000C0Y7LE000A07PY9,Adpter,4,-64
12:15.8,1000C50YLE000A07QE3,Adpter,4,-62
12:15.8,1000C0YLE9000A07Q96,Adpter,4,-62
12:15.8,1000C50YLE000A07QE5,Adpter,4,-63
12:15.8,1000C06YLE000A07PX3,Adpter,4,-59.5
12:15.8,1000C0Y7LE000A07PY2,Adpter,4,-62.5
12:15.8,1000C0Y7LE000A07QG8,Adpter,4,-59
12:15.8,10004C0YLE000A07QM7,Adpter,4,-61
12:15.8,1000C0Y7LE000A07QG6,Adpter,4,-58
12:15.8,10200C0YLE000A07QB8,Adpter,4,-55
12:15.8,1000C06YLE000A07Q68,Adpter,4,-56.5
12:15.8,10004C0YLE000A07QD3,Adpter,4,-59
12:15.8,1000C0YLE9000A07Q93,Adpter,4,-61
12:15.9,10004C0YLE000A07QM9,Adpter,4,-59
12:15.9,11000C0YLE000A07PS4,Adpter,4,-57.5
12:15.9,1000C06YLE000A07QF1,Adpter,4,-62.5
12:15.9,1000C0Y7LE000A07PY6,Adpter,4,-61.5
12:15.9,1000C0YLE9000A07Q00,Adpter,4,-53.5
12:15.9,1000C0YLE9000A07Q94,Adpter,4,-50.5
12:15.9,10030C0YLE000A07QU2,Adpter,4,-61.5
12:15.9,11000C0YLE000A07Q16,Adpter,4,-56
12:15.9,1000C0Y7LE000A07Q77,Adpter,4,-58.5
12:15.9,10004C0YLE000A07PV5,Adpter,4,-59.5
12:15.9,1000C0Y7LE000A07QP3,Adpter,4,-54
12:15.9,1000C0YLE9000A07Q05,Adpter,4,-58.5
12:15.9,11000C0YLE000A07Q15,Adpter,4,-55
12:15.9,10030C0YLE000A07QU1,Adpter,4,-61.5
12:15.9,11000C0YLE000A07PS5,Adpter,4,-55
12:15.9,1000C50YLE000A07QE9,Adpter,4,-59
12:15.9,81000020200226000A100175,Adpter,4,-54.5
12:15.9,1000C0YLE9000A07Q97,Adpter,4,-62.5
12:15.9,1000C0YLE9000A07Q03,Adpter,4,-61
12:15.9,10200C0YLE000A07PT5,Adpter,4,-56
12:15.9,10030C0YLE000A07QU7,Adpter,4,-59
12:15.9,1000C50YLE000A07PW1,Adpter,4,-56.5
12:15.9,1000C0Y7LE000A07Q72,Adpter,4,-55
12:15.9,1000C0Y7LE000A07PY0,Adpter,4,-47.5
12:15.9,1000C0YLE9000A07Q04,Adpter,4,-51.5
12:15.9,1000C50YLE000A07QE6,Adpter,4,-64
12:15.9,1000C50YLE000A07QE8,Adpter,4,-60.5
12:16.1,1000C06YLE000A07PX2,Adpter,4,-62.5
12:16.1,1000C0Y7LE000A07QG7,Adpter,4,-61.5
12:16.1,1000C0Y7LE000A07Q72,Adpter,4,-60.5
12:16.1,10004C0YLE000A07QM1,Adpter,4,-64
12:16.1,1000C50YLE000A07QE8,Adpter,4,-64.5
12:16.1,1000C0YLE9000A07Q03,Adpter,4,-62
12:16.1,10200C0YLE000A07PT5,Adpter,4,-57
12:16.1,1000C0Y7LE000A07PY0,Adpter,4,-51
12:16.1,1000C0YLE9000A07Q04,Adpter,4,-54
12:16.1,81000020200226000A100175,Adpter,4,-58.5
12:16.1,1000C0Y7LE000A07Q77,Adpter,4,-62.5
12:16.1,1000C0Y7LE000A07QG7,Adpter,4,-63.5
12:16.1,1000C0YLE9000A07Q05,Adpter,4,-61.5
12:16.1,1000C0YLE9000A07Q94,Adpter,4,-60.5
12:16.1,1000C0Y7LE000A07QP3,Adpter,4,-63
12:16.1,1000C0YLE9000A07Q97,Adpter,4,-65
12:16.1,1000C0Y7LE000A07QP3,Adpter,4,-59.5
12:16.1,1000C0YLE9000A07Q97,Adpter,4,-68
12:16.1,10200C0YLE000A07PT5,Adpter,4,-62.5
12:16.1,1000C50YLE000A07QE8,Adpter,4,-64
12:16.1,1000C0YLE9000A07Q05,Adpter,4,-63.5
12:16.1,10004C0YLE000A07QM8,Adpter,4,-68
12:16.1,1000C0YLE9000A07Q03,Adpter,4,-67
12:16.1,1000C0Y7LE000A07Q72,Adpter,4,-64
12:16.1,1000C0YLE9000A07Q04,Adpter,4,-60
12:16.1,1000C0YLE9000A07Q94,Adpter,4,-60.5
12:16.1,1000C0Y7LE000A07PY0,Adpter,4,-57
12:16.1,1000C0YLE9000A07Q95,Adpter,4,-59.5
12:16.1,1000C0Y7LE000A07Q77,Adpter,4,-59.5
12:16.1,1000C0YLE9000A07Q94,Adpter,4,-60.5
12:16.1,1000C0YLE9000A07Q05,Adpter,4,-64
12:16.1,1000C50YLE000A07QE9,Adpter,4,-64.5
12:16.1,10004C0YLE000A07PV5,Adpter,4,-66
12:16.1,1000C0YLE9000A07Q04,Adpter,4,-62
12:16.1,1000C50YLE000A07QE8,Adpter,4,-65.5
12:16.1,10004C0YLE000A07QM9,Adpter,4,-66
12:16.1,1000C0YLE9000A07Q97,Adpter,4,-69
12:16.1,1000C0Y7LE000A07PY0,Adpter,4,-58
12:16.1,1000C0YLE9000A07Q95,Adpter,4,-60
12:16.1,1000C0Y7LE000A07QP3,Adpter,4,-60
12:16.1,1000C0Y7LE000A07Q77,Adpter,4,-60.5
12:16.1,1000C0Y7LE000A07Q72,Adpter,4,-64.5
12:16.1,10200C0YLE000A07PT5,Adpter,4,-65
12:16.3,10200C0YLE000A07PT5,Adpter,4,-69.5
12:16.3,1000C0Y7LE000A07QP3,Adpter,4,-62
12:16.3,1000C0Y7LE000A07PY0,Adpter,4,-65
12:16.3,1000C0YLE9000A07Q95,Adpter,4,-62
12:16.3,1000C0Y7LE000A07Q72,Adpter,4,-65
12:16.3,1000C0YLE9000A07Q94,Adpter,4,-62
12:16.3,1000C0YLE9000A07Q04,Adpter,4,-67.5
12:16.3,1000C0YLE9000A07Q94,Adpter,4,-62.5
12:16.3,1000C0Y7LE000A07Q72,Adpter,4,-65.5
12:16.3,1000C0Y7LE000A07PY0,Adpter,4,-68.5
12:16.3,1000C0YLE9000A07Q95,Adpter,4,-62
12:16.3,1000C0Y7LE000A07QP3,Adpter,4,-62.5
12:16.3,1000C0Y7LE000A07QP3,Adpter,4,-64.5
12:16.3,1000C50YLE000A07QE8,Adpter,4,-68.5
12:16.3,1000C0Y7LE000A07Q72,Adpter,4,-68.5
12:16.3,1000C0YLE9000A07Q94,Adpter,4,-67
12:16.3,1000C0YLE9000A07Q94,Adpter,4,-68.5
12:16.3,1000C0Y7LE000A07QP3,Adpter,4,-66.5
12:16.3,1000C50YLE000A07QE8,Adpter,4,-68
12:16.3,1000C50YLE000A07QE8,Adpter,4,-68
12:16.3,1000C0YLE9000A07Q94,Adpter,4,-68
12:16.3,1000C50YLE000A07QE9,Adpter,4,-68
12:16.3,10004C0YLE000A07QM9,Adpter,4,-68.5
12:16.3,1000C50YLE000A07QE8,Adpter,4,-68.5
12:16.3,10004C0YLE000A07QM9,Adpter,4,-67.5
12:16.3,1000C50YLE000A07QE9,Adpter,4,-67
12:16.3,1000C0YLE9000A07Q94,Adpter,4,-67.5
12:16.6,1000C50YLE000A07QE9,Adpter,4,-67
12:16.6,10004C0YLE000A07QM9,Adpter,4,-67.5
12:16.6,1000C0YLE9000A07Q94,Adpter,4,-67.5
12:16.6,1000C0YLE9000A07Q94,Adpter,4,-67.5
12:16.6,10004C0YLE000A07QM9,Adpter,4,-68
12:16.6,1000C0YLE9000A07Q94,Adpter,4,-68
12:16.6,1000C0Y7LE000A07QG6,Adpter,4,-68.5
12:16.6,1000C0YLE9000A07Q94,Adpter,4,-68.5
12:17.3,10200C0YLE000A07QB8,Adpter,4,-67.5
12:17.3,10200C0YLE000A07QB8,Adpter,4,-67.5
12:17.6,10200C0YLE000A07QB8,Adpter,4,-67.5
12:17.8,1000C50YLE000A07QE6,Adpter,4,-69
12:17.8,1000C50YLE000A07QE6,Adpter,4,-65.5
12:17.8,1000C50YLE000A07QE6,Adpter,4,-66
12:17.8,1000C50YLE000A07QE6,Adpter,4,-66.5
12:17.8,1000C50YLE000A07QE6,Adpter,4,-66.5
12:17.8,1000C50YLE000A07QE6,Adpter,4,-67.5
12:18.1,10200C0YLE000A07PT5,Adpter,4,-68.5
12:18.1,10200C0YLE000A07PT5,Adpter,4,-69.5
12:18.1,10200C0YLE000A07PT5,Adpter,4,-69.5
12:18.1,10200C0YLE000A07PT5,Adpter,4,-68
12:18.1,10200C0YLE000A07PT5,Adpter,4,-68
12:18.6,10200C0YLE000A07PT5,Adpter,4,-68
12:18.6,10200C0YLE000A07PT5,Adpter,4,-68
12:18.6,10200C0YLE000A07PT5,Adpter,4,-68.5
12:18.6,10200C0YLE000A07PT5,Adpter,4,-67.5
12:18.8,10200C0YLE000A07PT5,Adpter,4,-68.5
12:18.8,10200C0YLE000A07PT5,Adpter,4,-68.5
12:18.8,10200C0YLE000A07PT5,Adpter,4,-69
12:18.8,10200C0YLE000A07PT5,Adpter,4,-68.5
12:18.8,10200C0YLE000A07PT5,Adpter,4,-68
12:18.8,10200C0YLE000A07PT5,Adpter,4,-68
12:18.8,10200C0YLE000A07PT5,Adpter,4,-68
12:18.8,10200C0YLE000A07PT5,Adpter,4,-68.5
12:19.3,10200C0YLE000A07PT5,Adpter,4,-66.5
12:19.3,10200C0YLE000A07PT5,Adpter,4,-67.5
12:19.6,10200C0YLE000A07PT5,Adpter,4,-66.5
12:19.6,10200C0YLE000A07PT5,Adpter,4,-66.5
12:19.8,10200C0YLE000A07PT5,Adpter,4,-66
12:19.8,10200C0YLE000A07PT5,Adpter,4,-66.5
12:19.8,10200C0YLE000A07PT5,Adpter,4,-66.5
12:19.8,10200C0YLE000A07PT5,Adpter,4,-66
12:20.1,10200C0YLE000A07PT5,Adpter,4,-66.5
12:20.1,10200C0YLE000A07PT5,Adpter,4,-66.5
12:20.3,10200C0YLE000A07PT5,Adpter,4,-69.5
12:20.3,10200C0YLE000A07PT5,Adpter,4,-69.5
12:21.1,10200C0YLE000A07PT5,Adpter,4,-66.5
12:21.1,10200C0YLE000A07PT5,Adpter,4,-67
12:21.3,10200C0YLE000A07PT5,Adpter,4,-66
12:21.3,10200C0YLE000A07PT5,Adpter,4,-66
12:21.3,10200C0YLE000A07PT5,Adpter,4,-68
12:21.3,10200C0YLE000A07PT5,Adpter,4,-68
12:21.3,10200C0YLE000A07PT5,Adpter,4,-65.5
12:21.3,10200C0YLE000A07PT5,Adpter,4,-64.5
12:21.6,10200C0YLE000A07PT5,Adpter,4,-66.5
12:21.6,10200C0YLE000A07PT5,Adpter,4,-67.5
12:21.8,10200C0YLE000A07PT5,Adpter,4,-66
12:21.8,10200C0YLE000A07PT5,Adpter,4,-66.5
12:21.8,10200C0YLE000A07PT5,Adpter,4,-65.5
12:21.8,10200C0YLE000A07PT5,Adpter,4,-66
12:22.1,10200C0YLE000A07PT5,Adpter,4,-65.5
12:22.1,10200C0YLE000A07PT5,Adpter,4,-65
12:22.1,10200C0YLE000A07PT5,Adpter,4,-65.5
12:22.1,10200C0YLE000A07PT5,Adpter,4,-65.5
12:22.1,10200C0YLE000A07PT5,Adpter,4,-65
12:22.1,10200C0YLE000A07PT5,Adpter,4,-64.5
12:22.1,10200C0YLE000A07PT5,Adpter,4,-65
12:22.1,10200C0YLE000A07PT5,Adpter,4,-64.5
12:22.4,10200C0YLE000A07PT5,Adpter,4,-65.5
12:22.4,10200C0YLE000A07PT5,Adpter,4,-65.5
12:22.4,10200C0YLE000A07PT5,Adpter,4,-67
12:22.4,10200C0YLE000A07PT5,Adpter,4,-67.5
12:22.4,10200C0YLE000A07PT5,Adpter,4,-66
12:22.4,10200C0YLE000A07PT5,Adpter,4,-67
12:22.4,10200C0YLE000A07PT5,Adpter,4,-66.5
12:22.4,10200C0YLE000A07PT5,Adpter,4,-67.5
12:22.6,10200C0YLE000A07PT5,Adpter,4,-67
12:22.6,10200C0YLE000A07PT5,Adpter,4,-67.5
12:22.8,10200C0YLE000A07PT5,Adpter,4,-68
12:22.8,10200C0YLE000A07PT5,Adpter,4,-68
12:22.8,10200C0YLE000A07PT5,Adpter,4,-69
12:23.1,10200C0YLE000A07PT5,Adpter,4,-65.5
12:23.1,10200C0YLE000A07PT5,Adpter,4,-65.5
12:23.1,10200C0YLE000A07PT5,Adpter,4,-66
12:23.3,0000000000000000000000F1,Adpter,3,-64.5
12:23.3,0000000000000000000000F1,Adpter,3,-64.5
12:23.3,10200C0YLE000A07PT5,Adpter,4,-69
12:23.3,10200C0YLE000A07PT5,Adpter,4,-69
12:23.3,10200C0YLE000A07PT5,Adpter,4,-68
12:23.3,10200C0YLE000A07PT5,Adpter,4,-68
12:23.3,10200C0YLE000A07PT5,Adpter,4,-67.5
12:23.3,10200C0YLE000A07PT5,Adpter,4,-68
12:23.6,10200C0YLE000A07PT5,Adpter,4,-67
12:23.6,10200C0YLE000A07PT5,Adpter,4,-67
12:23.6,10200C0YLE000A07PT5,Adpter,4,-67
12:23.6,10200C0YLE000A07PT5,Adpter,4,-66.5
12:23.6,10200C0YLE000A07PT5,Adpter,4,-66.5
12:23.6,10200C0YLE000A07PT5,Adpter,4,-67
12:23.8,10200C0YLE000A07PT5,Adpter,4,-69
12:23.8,10200C0YLE000A07PT5,Adpter,4,-68.5
12:23.8,10200C0YLE000A07PT5,Adpter,4,-65
12:23.8,10200C0YLE000A07PT5,Adpter,4,-65
12:24.1,10200C0YLE000A07PT5,Adpter,4,-65.5
12:24.1,10200C0YLE000A07PT5,Adpter,4,-65.5
12:24.1,10200C0YLE000A07PT5,Adpter,4,-66
12:24.1,10200C0YLE000A07PT5,Adpter,4,-65.5
12:24.1,10200C0YLE000A07PT5,Adpter,4,-65.5
12:24.1,10200C0YLE000A07PT5,Adpter,4,-66
12:24.1,10200C0YLE000A07PT5,Adpter,4,-65.5
12:24.1,10200C0YLE000A07PT5,Adpter,4,-66
12:24.3,10200C0YLE000A07PT5,Adpter,4,-65.5
12:24.3,10200C0YLE000A07PT5,Adpter,4,-66
12:24.3,10200C0YLE000A07PT5,Adpter,4,-65.5
12:24.3,10200C0YLE000A07PT5,Adpter,4,-69.5
12:24.6,10200C0YLE000A07PT5,Adpter,4,-69.5
12:24.6,10200C0YLE000A07PT5,Adpter,4,-68.5
12:24.6,10200C0YLE000A07PT5,Adpter,4,-68
12:24.6,10200C0YLE000A07PT5,Adpter,4,-68.5
12:24.6,10200C0YLE000A07PT5,Adpter,4,-68.5
12:24.6,10200C0YLE000A07PT5,Adpter,4,-68
12:24.6,10200C0YLE000A07PT5,Adpter,4,-68.5
12:24.6,10200C0YLE000A07PT5,Adpter,4,-68.5
12:24.8,10200C0YLE000A07PT5,Adpter,4,-66.5
12:24.8,10200C0YLE000A07PT5,Adpter,4,-66.5
12:24.8,10200C0YLE000A07PT5,Adpter,4,-67.5
12:24.8,10200C0YLE000A07PT5,Adpter,4,-67
12:24.8,10200C0YLE000A07PT5,Adpter,4,-66.5
12:24.8,10200C0YLE000A07PT5,Adpter,4,-67
12:24.8,10200C0YLE000A07PT5,Adpter,4,-67
12:24.8,10200C0YLE000A07PT5,Adpter,4,-66.5
12:25.1,10200C0YLE000A07PT5,Adpter,4,-66.5
12:25.1,10200C0YLE000A07PT5,Adpter,4,-66.5
12:25.1,10200C0YLE000A07PT5,Adpter,4,-66.5
12:25.1,10200C0YLE000A07PT5,Adpter,4,-66.5
12:25.1,10200C0YLE000A07PT5,Adpter,4,-67.5
12:25.1,10200C0YLE000A07PT5,Adpter,4,-67.5
12:25.1,10200C0YLE000A07PT5,Adpter,4,-67.5
12:25.3,10200C0YLE000A07PT5,Adpter,4,-67
12:25.3,10200C0YLE000A07PT5,Adpter,4,-67
12:25.3,10200C0YLE000A07PT5,Adpter,4,-67
12:25.3,10200C0YLE000A07PT5,Adpter,4,-67
12:25.3,10200C0YLE000A07PT5,Adpter,4,-67
12:25.3,10200C0YLE000A07PT5,Adpter,4,-67
12:25.3,10200C0YLE000A07PT5,Adpter,4,-67
12:25.6,10200C0YLE000A07PT5,Adpter,4,-67
12:25.6,10200C0YLE000A07PT5,Adpter,4,-67
12:25.6,10200C0YLE000A07PT5,Adpter,4,-66
12:25.6,10200C0YLE000A07PT5,Adpter,4,-66.5
12:25.6,10200C0YLE000A07PT5,Adpter,4,-66.5
12:25.6,10200C0YLE000A07PT5,Adpter,4,-66
12:25.6,10200C0YLE000A07PT5,Adpter,4,-66
12:25.8,10200C0YLE000A07PT5,Adpter,4,-66
12:25.8,10200C0YLE000A07PT5,Adpter,4,-65.5
12:25.8,10200C0YLE000A07PT5,Adpter,4,-65.5
12:25.8,10200C0YLE000A07PT5,Adpter,4,-66
12:25.8,10200C0YLE000A07PT5,Adpter,4,-66
12:25.8,10200C0YLE000A07PT5,Adpter,4,-67
12:25.8,10200C0YLE000A07PT5,Adpter,4,-67.5
12:26.1,10200C0YLE000A07PT5,Adpter,4,-66.5
12:26.1,10200C0YLE000A07PT5,Adpter,4,-66.5
12:26.1,10200C0YLE000A07PT5,Adpter,4,-66.5
12:26.1,10200C0YLE000A07PT5,Adpter,4,-67
12:26.3,10200C0YLE000A07PT5,Adpter,4,-67.5
12:26.3,10200C0YLE000A07PT5,Adpter,4,-68
12:26.3,10200C0YLE000A07PT5,Adpter,4,-67
12:26.3,10200C0YLE000A07PT5,Adpter,4,-68.5
12:26.6,10200C0YLE000A07PT5,Adpter,4,-68.5
12:26.6,10200C0YLE000A07PT5,Adpter,4,-68
12:26.6,10004C0YLE000A07QM7,Adpter,3,-67.5
12:26.6,10200C0YLE000A07PT5,Adpter,4,-66
12:26.6,10200C0YLE000A07PT5,Adpter,4,-67
12:26.6,10200C0YLE000A07PT5,Adpter,4,-66
12:26.6,10200C0YLE000A07PT5,Adpter,4,-66.5
12:26.6,10200C0YLE000A07PT5,Adpter,4,-65.5
12:26.6,10200C0YLE000A07PT5,Adpter,4,-66
12:26.8,10200C0YLE000A07PT5,Adpter,4,-66.5
12:26.8,10200C0YLE000A07PT5,Adpter,4,-67
12:26.8,10200C0YLE000A07PT5,Adpter,4,-66
12:26.8,10200C0YLE000A07PT5,Adpter,4,-66.5
12:26.8,10200C0YLE000A07PT5,Adpter,4,-66.5
12:26.8,10200C0YLE000A07PT5,Adpter,4,-66.5
12:26.8,10004C0YLE000A07QM8,Adpter,3,-67.5
12:26.8,10200C0YLE000A07PT5,Adpter,4,-64.5
12:27.1,10200C0YLE000A07PT5,Adpter,4,-67.5
12:27.1,10200C0YLE000A07PT5,Adpter,4,-66.5
12:27.1,10200C0YLE000A07PT5,Adpter,4,-66
12:27.1,10200C0YLE000A07PT5,Adpter,4,-66
12:27.1,10200C0YLE000A07PT5,Adpter,4,-66
12:27.1,10200C0YLE000A07PT5,Adpter,4,-69
12:27.3,10200C0YLE000A07PT5,Adpter,4,-69
12:27.3,10200C0YLE000A07PT5,Adpter,4,-69
12:27.3,10200C0YLE000A07PT5,Adpter,4,-69
12:27.6,10200C0YLE000A07PT5,Adpter,4,-66.5
12:27.6,10200C0YLE000A07PT5,Adpter,4,-66.5
12:27.6,10200C0YLE000A07PT5,Adpter,4,-66.5
12:27.6,10200C0YLE000A07PT5,Adpter,4,-66.5
12:27.9,10200C0YLE000A07PT5,Adpter,4,-66.5
12:28.1,10200C0YLE000A07PT5,Adpter,4,-67
12:28.1,10200C0YLE000A07PT5,Adpter,4,-67
12:28.1,10200C0YLE000A07PT5,Adpter,4,-66.5
12:28.1,10200C0YLE000A07PT5,Adpter,4,-67.5
12:28.1,10200C0YLE000A07PT5,Adpter,4,-67.5
12:28.1,10200C0YLE000A07PT5,Adpter,4,-67
12:28.1,10200C0YLE000A07PT5,Adpter,4,-67
12:28.3,10200C0YLE000A07PT5,Adpter,4,-67
12:28.3,10200C0YLE000A07PT5,Adpter,4,-66.5
12:28.3,10200C0YLE000A07PT5,Adpter,4,-67.5
12:28.3,10200C0YLE000A07PT5,Adpter,4,-67
12:28.3,10200C0YLE000A07PT5,Adpter,4,-65.5
12:28.3,10200C0YLE000A07PT5,Adpter,4,-67
12:28.3,10200C0YLE000A07PT5,Adpter,4,-66
12:28.3,10200C0YLE000A07PT5,Adpter,4,-66.5
12:28.6,10200C0YLE000A07PT5,Adpter,4,-67
12:28.6,10200C0YLE000A07PT5,Adpter,4,-67.5
12:28.6,10200C0YLE000A07PT5,Adpter,4,-67
12:28.6,10200C0YLE000A07PT5,Adpter,4,-67.5
12:28.6,10200C0YLE000A07PT5,Adpter,4,-66
12:28.6,10200C0YLE000A07PT5,Adpter,4,-66.5
12:28.6,10200C0YLE000A07PT5,Adpter,4,-66
12:28.6,10200C0YLE000A07PT5,Adpter,4,-66.5
12:28.8,10200C0YLE000A07PT5,Adpter,4,-66
12:28.8,10200C0YLE000A07PT5,Adpter,4,-66
12:28.8,10200C0YLE000A07PT5,Adpter,4,-66
12:28.8,10200C0YLE000A07PT5,Adpter,4,-66.5
12:28.8,10200C0YLE000A07PT5,Adpter,4,-66
12:28.8,10200C0YLE000A07PT5,Adpter,4,-66.5
12:28.8,10200C0YLE000A07PT5,Adpter,4,-65.5
12:28.8,10200C0YLE000A07PT5,Adpter,4,-66
12:29.1,10200C0YLE000A07PT5,Adpter,4,-66
12:29.1,10200C0YLE000A07PT5,Adpter,4,-67.5
12:29.1,10200C0YLE000A07PT5,Adpter,4,-67
12:29.1,10200C0YLE000A07PT5,Adpter,4,-66
12:29.1,10200C0YLE000A07PT5,Adpter,4,-66.5
12:29.1,10200C0YLE000A07PT5,Adpter,4,-66.5
12:29.1,10200C0YLE000A07PT5,Adpter,4,-66.5
12:29.1,10200C0YLE000A07PT5,Adpter,4,-66.5
12:29.6,10200C0YLE000A07PT5,Adpter,4,-66.5
12:29.6,10200C0YLE000A07PT5,Adpter,4,-66
12:29.9,10200C0YLE000A07PT5,Adpter,4,-65.5
12:30.1,10200C0YLE000A07PT5,Adpter,4,-65.5
12:30.1,10200C0YLE000A07PT5,Adpter,4,-66
12:30.1,10200C0YLE000A07PT5,Adpter,4,-67
12:30.1,10200C0YLE000A07PT5,Adpter,4,-65.5
12:30.1,10200C0YLE000A07PT5,Adpter,4,-65.5
12:30.1,10200C0YLE000A07PT5,Adpter,4,-66.5
12:30.1,10200C0YLE000A07PT5,Adpter,4,-67
12:30.4,10200C0YLE000A07PT5,Adpter,4,-66.5
12:30.4,10200C0YLE000A07PT5,Adpter,4,-68
12:31.1,10200C0YLE000A07PT5,Adpter,4,-66.5
12:31.1,10200C0YLE000A07PT5,Adpter,4,-66.5
12:31.1,10200C0YLE000A07PT5,Adpter,4,-66
12:31.1,10200C0YLE000A07PT5,Adpter,4,-66.5
12:31.3,10200C0YLE000A07PT5,Adpter,4,-66.5
12:31.3,10200C0YLE000A07PT5,Adpter,4,-67.5
12:31.3,10200C0YLE000A07PT5,Adpter,4,-67
12:31.3,10200C0YLE000A07PT5,Adpter,4,-67
12:31.3,10200C0YLE000A07PT5,Adpter,4,-66.5
12:31.3,10200C0YLE000A07PT5,Adpter,4,-66
12:31.3,10200C0YLE000A07PT5,Adpter,4,-66
12:31.3,10200C0YLE000A07PT5,Adpter,4,-66
12:31.6,10200C0YLE000A07PT5,Adpter,4,-67.5
12:31.6,10200C0YLE000A07PT5,Adpter,4,-67.5
12:31.6,10200C0YLE000A07PT5,Adpter,4,-66.5
12:31.8,10200C0YLE000A07PT5,Adpter,4,-66
12:32.1,10200C0YLE000A07PT5,Adpter,4,-66
12:32.1,10200C0YLE000A07PT5,Adpter,4,-66
12:32.1,10200C0YLE000A07PT5,Adpter,4,-66.5
12:32.1,10200C0YLE000A07PT5,Adpter,4,-66
12:32.3,10200C0YLE000A07PT5,Adpter,4,-66
12:32.3,10200C0YLE000A07PT5,Adpter,4,-66
12:32.3,10200C0YLE000A07PT5,Adpter,4,-66
12:32.3,10200C0YLE000A07PT5,Adpter,4,-66
12:32.3,10200C0YLE000A07PT5,Adpter,4,-66
12:32.3,10200C0YLE000A07PT5,Adpter,4,-65.5
12:32.3,10200C0YLE000A07PT5,Adpter,4,-65.5
12:32.3,10200C0YLE000A07PT5,Adpter,4,-66.5
12:32.6,10200C0YLE000A07PT5,Adpter,4,-68.5
12:32.6,10200C0YLE000A07PT5,Adpter,4,-68.5
12:32.6,10200C0YLE000A07PT5,Adpter,4,-68.5
12:32.6,10200C0YLE000A07PT5,Adpter,4,-67.5
12:32.6,10200C0YLE000A07PT5,Adpter,4,-68
12:33.3,10200C0YLE000A07PT5,Adpter,4,-66.5
12:33.3,10200C0YLE000A07PT5,Adpter,4,-66
12:33.3,10200C0YLE000A07PT5,Adpter,4,-67
12:33.8,10200C0YLE000A07PT5,Adpter,4,-68.5
12:33.8,10200C0YLE000A07PT5,Adpter,4,-69
12:33.8,10200C0YLE000A07PT5,Adpter,4,-68
12:33.8,10200C0YLE000A07PT5,Adpter,4,-68
12:33.8,10200C0YLE000A07PT5,Adpter,4,-68
12:34.1,10200C0YLE000A07PT5,Adpter,4,-66.5
12:34.1,10200C0YLE000A07PT5,Adpter,4,-66.5
12:34.1,10200C0YLE000A07PT5,Adpter,4,-66.5
12:34.3,10200C0YLE000A07PT5,Adpter,4,-66.5
12:34.3,10200C0YLE000A07PT5,Adpter,4,-66.5
12:34.3,10200C0YLE000A07PT5,Adpter,4,-66.5
12:34.3,10200C0YLE000A07PT5,Adpter,4,-67
12:34.3,10200C0YLE000A07PT5,Adpter,4,-66
12:34.3,10200C0YLE000A07PT5,Adpter,4,-65.5
12:34.6,10200C0YLE000A07PT5,Adpter,4,-66
12:34.6,10200C0YLE000A07PT5,Adpter,4,-65.5
12:34.6,10200C0YLE000A07PT5,Adpter,4,-66.5
12:34.6,10200C0YLE000A07PT5,Adpter,4,-67
12:34.6,10200C0YLE000A07PT5,Adpter,4,-69.5
12:35.1,10200C0YLE000A07PT5,Adpter,4,-66
12:35.1,10200C0YLE000A07PT5,Adpter,4,-65.5
12:35.1,10200C0YLE000A07PT5,Adpter,4,-66.5
12:35.1,10200C0YLE000A07PT5,Adpter,4,-65.5
12:35.1,10200C0YLE000A07PT5,Adpter,4,-66
12:35.1,10200C0YLE000A07PT5,Adpter,4,-66
12:35.1,10200C0YLE000A07PT5,Adpter,4,-66.5
12:35.4,10200C0YLE000A07PT5,Adpter,4,-66
12:35.4,10200C0YLE000A07PT5,Adpter,4,-65.5
12:35.4,10200C0YLE000A07PT5,Adpter,4,-69
12:35.4,10200C0YLE000A07PT5,Adpter,4,-68.5
12:35.4,10200C0YLE000A07PT5,Adpter,4,-68
12:35.6,10200C0YLE000A07PT5,Adpter,4,-69
12:35.6,10200C0YLE000A07PT5,Adpter,4,-68
12:35.6,10200C0YLE000A07PT5,Adpter,4,-68.5
12:35.6,10200C0YLE000A07PT5,Adpter,4,-68
12:35.6,10200C0YLE000A07PT5,Adpter,4,-67.5
12:35.6,10200C0YLE000A07PT5,Adpter,4,-68
12:35.8,10200C0YLE000A07PT5,Adpter,4,-68.5
12:35.8,10200C0YLE000A07PT5,Adpter,4,-66.5
12:35.8,10200C0YLE000A07PT5,Adpter,4,-66.5
12:35.8,10200C0YLE000A07PT5,Adpter,4,-66
12:35.8,10200C0YLE000A07PT5,Adpter,4,-66.5
12:35.8,10004C0YLE000A07QM8,Adpter,3,-67
12:36.1,10200C0YLE000A07PT5,Adpter,4,-66
12:36.1,10200C0YLE000A07PT5,Adpter,4,-67
12:36.1,10200C0YLE000A07PT5,Adpter,4,-65.5
12:36.1,10200C0YLE000A07PT5,Adpter,4,-67
12:36.1,10200C0YLE000A07PT5,Adpter,4,-65.5
12:36.1,10200C0YLE000A07PT5,Adpter,4,-66.5
12:36.3,10200C0YLE000A07PT5,Adpter,4,-66
12:36.3,10200C0YLE000A07PT5,Adpter,4,-66.5
12:36.3,10200C0YLE000A07PT5,Adpter,4,-65.5
12:36.8,10200C0YLE000A07PT5,Adpter,4,-66.5
12:36.8,10200C0YLE000A07PT5,Adpter,4,-66
12:36.8,10200C0YLE000A07PT5,Adpter,4,-66
12:36.8,10200C0YLE000A07PT5,Adpter,4,-66
12:37.1,10200C0YLE000A07PT5,Adpter,4,-66.5
12:37.1,10200C0YLE000A07PT5,Adpter,4,-66.5
12:37.1,10200C0YLE000A07PT5,Adpter,4,-66.5
12:37.1,10200C0YLE000A07PT5,Adpter,4,-66
12:37.1,10200C0YLE000A07PT5,Adpter,4,-67
12:37.1,10200C0YLE000A07PT5,Adpter,4,-65.5
12:37.3,10200C0YLE000A07PT5,Adpter,4,-65.5
12:37.3,10200C0YLE000A07PT5,Adpter,4,-64.5
12:37.3,10200C0YLE000A07PT5,Adpter,4,-68.5
12:37.6,10200C0YLE000A07PT5,Adpter,4,-68
12:37.6,10200C0YLE000A07PT5,Adpter,4,-69
12:37.8,10200C0YLE000A07PT5,Adpter,4,-65.5
12:37.8,10200C0YLE000A07PT5,Adpter,4,-65
12:37.8,10200C0YLE000A07PT5,Adpter,4,-66
12:37.8,10200C0YLE000A07PT5,Adpter,4,-66
12:38.3,10200C0YLE000A07PT5,Adpter,4,-66
12:38.3,10200C0YLE000A07PT5,Adpter,4,-66.5
12:38.3,10200C0YLE000A07PT5,Adpter,4,-66.5
12:38.3,10200C0YLE000A07PT5,Adpter,4,-67
12:38.3,10200C0YLE000A07PT5,Adpter,4,-66.5
12:38.3,10200C0YLE000A07PT5,Adpter,4,-67
12:38.6,10200C0YLE000A07PT5,Adpter,4,-66
12:38.6,10200C0YLE000A07PT5,Adpter,4,-68.5
12:38.6,10200C0YLE000A07PT5,Adpter,4,-67
12:38.6,10200C0YLE000A07PT5,Adpter,4,-67.5
12:38.6,10200C0YLE000A07PT5,Adpter,4,-67
12:38.6,10200C0YLE000A07PT5,Adpter,4,-66.5
12:38.6,10200C0YLE000A07PT5,Adpter,4,-66
12:38.6,10200C0YLE000A07PT5,Adpter,4,-66.5
12:38.8,10200C0YLE000A07PT5,Adpter,4,-66.5
12:38.8,10200C0YLE000A07PT5,Adpter,4,-66.5
12:38.8,10200C0YLE000A07PT5,Adpter,4,-66.5
12:38.8,10200C0YLE000A07PT5,Adpter,4,-66.5
12:38.8,10200C0YLE000A07PT5,Adpter,4,-66
12:38.8,10200C0YLE000A07PT5,Adpter,4,-66.5
12:38.8,10200C0YLE000A07PT5,Adpter,4,-66
12:38.8,10200C0YLE000A07PT5,Adpter,4,-66.5
12:39.1,10200C0YLE000A07PT5,Adpter,4,-66.5
12:39.1,10200C0YLE000A07PT5,Adpter,4,-66
12:39.1,10200C0YLE000A07PT5,Adpter,4,-66
12:39.1,10200C0YLE000A07PT5,Adpter,4,-67
12:39.1,10200C0YLE000A07PT5,Adpter,4,-65.5
12:39.1,10200C0YLE000A07PT5,Adpter,4,-66
12:39.1,10200C0YLE000A07PT5,Adpter,4,-66
12:39.3,10200C0YLE000A07PT5,Adpter,4,-66
12:39.3,10200C0YLE000A07PT5,Adpter,4,-65.5
12:39.3,10200C0YLE000A07PT5,Adpter,4,-67
12:39.3,10200C0YLE000A07PT5,Adpter,4,-66.5
12:39.3,10200C0YLE000A07PT5,Adpter,4,-66
12:39.3,10200C0YLE000A07PT5,Adpter,4,-66.5
12:39.3,10200C0YLE000A07PT5,Adpter,4,-66
12:39.6,10200C0YLE000A07PT5,Adpter,4,-66
12:39.6,10200C0YLE000A07PT5,Adpter,4,-66
12:39.8,10200C0YLE000A07PT5,Adpter,4,-65.5
12:39.8,10200C0YLE000A07PT5,Adpter,4,-66
12:39.8,10200C0YLE000A07PT5,Adpter,4,-66.5
12:39.8,10200C0YLE000A07PT5,Adpter,4,-66
12:39.8,10200C0YLE000A07PT5,Adpter,4,-66.5
12:39.8,10200C0YLE000A07PT5,Adpter,4,-66
12:40.1,10200C0YLE000A07PT5,Adpter,4,-66
12:40.1,10200C0YLE000A07PT5,Adpter,4,-65.5
12:40.4,10200C0YLE000A07PT5,Adpter,4,-66
12:40.4,10200C0YLE000A07PT5,Adpter,4,-66.5
12:40.4,10200C0YLE000A07PT5,Adpter,4,-66
12:40.4,10200C0YLE000A07PT5,Adpter,4,-66
12:40.4,10200C0YLE000A07PT5,Adpter,4,-66
12:40.4,10200C0YLE000A07PT5,Adpter,4,-66
12:40.4,10200C0YLE000A07PT5,Adpter,4,-65.5
12:40.4,10200C0YLE000A07PT5,Adpter,4,-66
12:40.4,10200C0YLE000A07PT5,Adpter,4,-65.5
12:40.6,10200C0YLE000A07PT5,Adpter,4,-66.5
12:41.3,10200C0YLE000A07PT5,Adpter,4,-66
12:41.3,10200C0YLE000A07PT5,Adpter,4,-66.5
12:41.3,10200C0YLE000A07PT5,Adpter,4,-66
12:41.3,10200C0YLE000A07PT5,Adpter,4,-66
12:41.3,10200C0YLE000A07PT5,Adpter,4,-65.5
12:41.3,10200C0YLE000A07PT5,Adpter,4,-67
12:41.3,10200C0YLE000A07PT5,Adpter,4,-66
12:41.3,10200C0YLE000A07PT5,Adpter,4,-66.5
12:41.6,10200C0YLE000A07PT5,Adpter,4,-67
12:41.6,10200C0YLE000A07PT5,Adpter,4,-66.5
12:41.6,10200C0YLE000A07PT5,Adpter,4,-66.5
12:41.6,10200C0YLE000A07PT5,Adpter,4,-67
12:41.6,10200C0YLE000A07PT5,Adpter,4,-66.5
12:41.6,10200C0YLE000A07PT5,Adpter,4,-66
12:41.8,10200C0YLE000A07PT5,Adpter,4,-66
12:41.8,10200C0YLE000A07PT5,Adpter,4,-66
12:41.8,10200C0YLE000A07PT5,Adpter,4,-66.5
12:41.8,10200C0YLE000A07PT5,Adpter,4,-66.5
12:42.1,10200C0YLE000A07PT5,Adpter,4,-66
12:42.1,10200C0YLE000A07PT5,Adpter,4,-66.5
12:42.1,10200C0YLE000A07PT5,Adpter,4,-66
12:42.1,10200C0YLE000A07PT5,Adpter,4,-69
12:42.3,10200C0YLE000A07PT5,Adpter,4,-67.5
12:42.3,10200C0YLE000A07PT5,Adpter,4,-68
12:42.3,10200C0YLE000A07PT5,Adpter,4,-66.5
12:42.3,10200C0YLE000A07PT5,Adpter,4,-66.5
12:42.6,10200C0YLE000A07PT5,Adpter,4,-66
12:42.6,10200C0YLE000A07PT5,Adpter,4,-66.5
12:42.6,10200C0YLE000A07PT5,Adpter,4,-66
12:42.6,10200C0YLE000A07PT5,Adpter,4,-65.5
12:42.6,10200C0YLE000A07PT5,Adpter,4,-66
12:42.6,10200C0YLE000A07PT5,Adpter,4,-66
12:42.6,10200C0YLE000A07PT5,Adpter,4,-66
12:42.6,10200C0YLE000A07PT5,Adpter,4,-65.5
12:42.8,10200C0YLE000A07PT5,Adpter,4,-67.5
12:42.8,10200C0YLE000A07PT5,Adpter,4,-68.5
12:42.8,10200C0YLE000A07PT5,Adpter,4,-67.5
12:42.8,10200C0YLE000A07PT5,Adpter,4,-68
12:42.8,10200C0YLE000A07PT5,Adpter,4,-67.5
12:42.8,10200C0YLE000A07PT5,Adpter,4,-67.5
12:43.8,10200C0YLE000A07PT5,Adpter,4,-66
12:44.1,10200C0YLE000A07PT5,Adpter,4,-69
12:44.1,10200C0YLE000A07PT5,Adpter,4,-67.5
12:44.1,10200C0YLE000A07PT5,Adpter,4,-69
12:44.1,10200C0YLE000A07PT5,Adpter,4,-68
12:44.1,10200C0YLE000A07PT5,Adpter,4,-69.5
12:44.6,10200C0YLE000A07PT5,Adpter,4,-66.5
12:44.6,10200C0YLE000A07PT5,Adpter,4,-67.5
12:44.6,10200C0YLE000A07PT5,Adpter,4,-66.5
12:44.6,10200C0YLE000A07PT5,Adpter,4,-66
12:44.8,10200C0YLE000A07PT5,Adpter,4,-66
12:44.8,10200C0YLE000A07PT5,Adpter,4,-66.5
12:44.8,10200C0YLE000A07PT5,Adpter,4,-65.5
12:44.8,10200C0YLE000A07PT5,Adpter,4,-65.5
12:45.3,10200C0YLE000A07PT5,Adpter,4,-66
12:45.3,10200C0YLE000A07PT5,Adpter,4,-66.5
12:45.3,10200C0YLE000A07PT5,Adpter,4,-66
12:45.3,10200C0YLE000A07PT5,Adpter,4,-66.5
12:45.3,10200C0YLE000A07PT5,Adpter,4,-66
12:45.3,10200C0YLE000A07PT5,Adpter,4,-66
12:45.3,10200C0YLE000A07PT5,Adpter,4,-65.5
12:45.6,10200C0YLE000A07PT5,Adpter,4,-68.5
12:45.6,10200C0YLE000A07PT5,Adpter,4,-68.5
12:45.6,10200C0YLE000A07PT5,Adpter,4,-68.5
12:45.9,10200C0YLE000A07PT5,Adpter,4,-68.5
12:45.9,10200C0YLE000A07PT5,Adpter,4,-68
12:45.9,10200C0YLE000A07PT5,Adpter,4,-68
12:45.9,10200C0YLE000A07PT5,Adpter,4,-67.5
12:45.9,10200C0YLE000A07PT5,Adpter,4,-67.5
12:46.1,10200C0YLE000A07PT5,Adpter,4,-67.5
12:46.1,10200C0YLE000A07PT5,Adpter,4,-67
12:46.1,10200C0YLE000A07PT5,Adpter,4,-67.5
12:46.1,10200C0YLE000A07PT5,Adpter,4,-66
12:46.1,10200C0YLE000A07PT5,Adpter,4,-66.5
12:46.3,10200C0YLE000A07PT5,Adpter,4,-66.5
12:46.3,10200C0YLE000A07PT5,Adpter,4,-66
12:46.3,10200C0YLE000A07PT5,Adpter,4,-65.5
12:46.3,10200C0YLE000A07PT5,Adpter,4,-66.5
12:46.6,10200C0YLE000A07PT5,Adpter,4,-66
12:46.6,10200C0YLE000A07PT5,Adpter,4,-66.5
12:47.1,10200C0YLE000A07PT5,Adpter,4,-67.5
12:47.1,10200C0YLE000A07PT5,Adpter,4,-69
12:47.1,10004C0YLE000A07QM8,Adpter,3,-67.5
12:47.1,10200C0YLE000A07PT5,Adpter,4,-65.5
12:47.1,10200C0YLE000A07PT5,Adpter,4,-67
12:47.1,10200C0YLE000A07PT5,Adpter,4,-66
12:47.1,10200C0YLE000A07PT5,Adpter,4,-66.5
12:47.1,10200C0YLE000A07PT5,Adpter,4,-65.5
12:47.1,10200C0YLE000A07PT5,Adpter,4,-66.5
12:47.3,10200C0YLE000A07PT5,Adpter,4,-66
12:47.3,10200C0YLE000A07PT5,Adpter,4,-66.5
12:47.6,10200C0YLE000A07PT5,Adpter,4,-66
12:47.6,10200C0YLE000A07PT5,Adpter,4,-66.5
12:47.6,10200C0YLE000A07PT5,Adpter,4,-66
12:47.6,10200C0YLE000A07PT5,Adpter,4,-67
12:47.8,10200C0YLE000A07PT5,Adpter,4,-68.5
12:48.1,10200C0YLE000A07PT5,Adpter,4,-68.5
12:48.1,10200C0YLE000A07PT5,Adpter,4,-65.5
12:48.1,10200C0YLE000A07PT5,Adpter,4,-67
12:48.6,10200C0YLE000A07PT5,Adpter,4,-67
12:48.6,10200C0YLE000A07PT5,Adpter,4,-67
12:48.6,10200C0YLE000A07PT5,Adpter,4,-66.5
12:48.6,10200C0YLE000A07PT5,Adpter,4,-67
12:48.6,10200C0YLE000A07PT5,Adpter,4,-66.5
12:48.6,10200C0YLE000A07PT5,Adpter,4,-67.5
12:48.8,10200C0YLE000A07PT5,Adpter,4,-67.5
12:48.8,10200C0YLE000A07PT5,Adpter,4,-69
12:48.8,10200C0YLE000A07PT5,Adpter,4,-66
12:48.8,10200C0YLE000A07PT5,Adpter,4,-68.5
12:48.8,10200C0YLE000A07PT5,Adpter,4,-68
12:48.8,10200C0YLE000A07PT5,Adpter,4,-67.5
12:48.8,10200C0YLE000A07PT5,Adpter,4,-66.5
12:48.8,10200C0YLE000A07PT5,Adpter,4,-67
12:49.1,10200C0YLE000A07PT5,Adpter,4,-66.5
12:49.1,10200C0YLE000A07PT5,Adpter,4,-66.5
12:49.1,10200C0YLE000A07PT5,Adpter,4,-66.5
12:49.1,10200C0YLE000A07PT5,Adpter,4,-67
12:49.1,10200C0YLE000A07PT5,Adpter,4,-66
12:49.1,10200C0YLE000A07PT5,Adpter,4,-65.5
12:49.1,10200C0YLE000A07PT5,Adpter,4,-66
12:49.1,10200C0YLE000A07PT5,Adpter,4,-66
12:49.3,10200C0YLE000A07PT5,Adpter,4,-66.5
12:49.3,10200C0YLE000A07PT5,Adpter,4,-66
12:49.3,10200C0YLE000A07PT5,Adpter,4,-66.5
12:49.3,10200C0YLE000A07PT5,Adpter,4,-66.5
12:49.3,10200C0YLE000A07PT5,Adpter,4,-65.5
12:49.3,10200C0YLE000A07PT5,Adpter,4,-66
12:49.3,10200C0YLE000A07PT5,Adpter,4,-66.5
12:49.3,10200C0YLE000A07PT5,Adpter,4,-68
12:49.6,10200C0YLE000A07PT5,Adpter,4,-66
12:49.6,10200C0YLE000A07PT5,Adpter,4,-66
12:49.6,10200C0YLE000A07PT5,Adpter,4,-66
12:49.6,10200C0YLE000A07PT5,Adpter,4,-66
12:49.6,10200C0YLE000A07PT5,Adpter,4,-66
12:49.6,10200C0YLE000A07PT5,Adpter,4,-66
12:50.1,10200C0YLE000A07PT5,Adpter,4,-66
12:50.1,10200C0YLE000A07PT5,Adpter,4,-65.5
12:50.1,10200C0YLE000A07PT5,Adpter,4,-66.5
12:50.1,10200C0YLE000A07PT5,Adpter,4,-66
12:50.1,10200C0YLE000A07PT5,Adpter,4,-66
12:50.3,10200C0YLE000A07PT5,Adpter,4,-66.5
12:50.3,10200C0YLE000A07PT5,Adpter,4,-66
12:50.3,10200C0YLE000A07PT5,Adpter,4,-67
12:50.6,10200C0YLE000A07PT5,Adpter,4,-66
12:50.6,10200C0YLE000A07PT5,Adpter,4,-66.5
12:50.6,10200C0YLE000A07PT5,Adpter,4,-66
12:50.6,10200C0YLE000A07PT5,Adpter,4,-65.5
12:50.6,10200C0YLE000A07PT5,Adpter,4,-66
12:50.6,10200C0YLE000A07PT5,Adpter,4,-68
12:51.3,10200C0YLE000A07PT5,Adpter,4,-66
12:51.3,10200C0YLE000A07PT5,Adpter,4,-67
12:51.3,10200C0YLE000A07PT5,Adpter,4,-65.5
12:51.3,10200C0YLE000A07PT5,Adpter,4,-68.5
12:51.6,10200C0YLE000A07PT5,Adpter,4,-66
12:51.6,10200C0YLE000A07PT5,Adpter,4,-68.5
12:51.6,10200C0YLE000A07PT5,Adpter,4,-65.5
12:51.6,10200C0YLE000A07PT5,Adpter,4,-66.5
12:51.6,10004C0YLE000A07QM7,Adpter,3,-67.5
12:51.6,10200C0YLE000A07PT5,Adpter,4,-65.5
12:51.6,10200C0YLE000A07PT5,Adpter,4,-66.5
12:51.8,10200C0YLE000A07PT5,Adpter,4,-66
12:51.8,10200C0YLE000A07PT5,Adpter,4,-66.5
12:51.8,10200C0YLE000A07PT5,Adpter,4,-65.5
12:51.8,10200C0YLE000A07PT5,Adpter,4,-66.5
12:51.8,10200C0YLE000A07PT5,Adpter,4,-66.5
12:51.8,10200C0YLE000A07PT5,Adpter,4,-66
12:51.8,10200C0YLE000A07PT5,Adpter,4,-65.5
12:51.8,10200C0YLE000A07PT5,Adpter,4,-66
12:52.1,10200C0YLE000A07PT5,Adpter,4,-65.5
12:52.1,10200C0YLE000A07PT5,Adpter,4,-66
12:52.1,10200C0YLE000A07PT5,Adpter,4,-66
12:52.1,10200C0YLE000A07PT5,Adpter,4,-67
12:52.3,10200C0YLE000A07PT5,Adpter,4,-66.5
12:52.3,10200C0YLE000A07PT5,Adpter,4,-69
12:52.3,10200C0YLE000A07PT5,Adpter,4,-69
12:52.3,10200C0YLE000A07PT5,Adpter,4,-69.5
12:52.3,10200C0YLE000A07PT5,Adpter,4,-69
12:52.3,10200C0YLE000A07PT5,Adpter,4,-68.5
12:52.6,10200C0YLE000A07PT5,Adpter,4,-67.5
12:52.6,10200C0YLE000A07PT5,Adpter,4,-67
12:52.6,10200C0YLE000A07PT5,Adpter,4,-66.5
12:52.6,10200C0YLE000A07PT5,Adpter,4,-66.5
12:52.7,10200C0YLE000A07PT5,Adpter,4,-65.5
12:52.7,10200C0YLE000A07PT5,Adpter,4,-66
12:52.8,10200C0YLE000A07PT5,Adpter,4,-65.5
12:52.8,10200C0YLE000A07PT5,Adpter,4,-67.5
12:52.8,10200C0YLE000A07PT5,Adpter,4,-65.5
12:52.8,10200C0YLE000A07PT5,Adpter,4,-66.5
12:52.8,10200C0YLE000A07PT5,Adpter,4,-66.5
12:52.8,10200C0YLE000A07PT5,Adpter,4,-67.5
12:53.1,10200C0YLE000A07PT5,Adpter,4,-69
12:53.1,10200C0YLE000A07PT5,Adpter,4,-69.5
12:53.1,10200C0YLE000A07PT5,Adpter,4,-69
12:53.1,10200C0YLE000A07PT5,Adpter,4,-69
12:53.1,10200C0YLE000A07PT5,Adpter,4,-69
12:53.8,10200C0YLE000A07PT5,Adpter,4,-66
12:53.8,10200C0YLE000A07PT5,Adpter,4,-65.5
12:53.8,10200C0YLE000A07PT5,Adpter,4,-66
12:54.1,10200C0YLE000A07PT5,Adpter,4,-65.5
12:54.8,10200C0YLE000A07PT5,Adpter,4,-65
12:54.8,10200C0YLE000A07PT5,Adpter,4,-66
12:54.8,10200C0YLE000A07PT5,Adpter,4,-66
12:54.8,10200C0YLE000A07PT5,Adpter,4,-67
12:54.8,10200C0YLE000A07PT5,Adpter,4,-68
12:55.1,10200C0YLE000A07PT5,Adpter,4,-66.5
12:55.1,10200C0YLE000A07PT5,Adpter,4,-68.5
12:55.1,10200C0YLE000A07PT5,Adpter,4,-66.5
12:55.1,10200C0YLE000A07PT5,Adpter,4,-68.5
12:55.6,10200C0YLE000A07PT5,Adpter,4,-66.5
12:55.6,10200C0YLE000A07PT5,Adpter,4,-66.5
12:55.6,10200C0YLE000A07PT5,Adpter,4,-66
12:55.6,10200C0YLE000A07PT5,Adpter,4,-66.5
12:55.6,10200C0YLE000A07PT5,Adpter,4,-66
12:55.6,10200C0YLE000A07PT5,Adpter,4,-66
12:55.9,10200C0YLE000A07PT5,Adpter,4,-66
12:55.9,10200C0YLE000A07PT5,Adpter,4,-66.5
12:55.9,10200C0YLE000A07PT5,Adpter,4,-66
12:55.9,10200C0YLE000A07PT5,Adpter,4,-66
12:56.1,10200C0YLE000A07PT5,Adpter,4,-68
12:56.1,10200C0YLE000A07PT5,Adpter,4,-69.5
12:56.1,10200C0YLE000A07PT5,Adpter,4,-69.5
12:56.4,10200C0YLE000A07PT5,Adpter,4,-67
12:56.4,10200C0YLE000A07PT5,Adpter,4,-65.5
12:56.4,10200C0YLE000A07PT5,Adpter,4,-66
12:56.4,10004C0YLE000A07QM8,Adpter,3,-67.5
12:56.4,10200C0YLE000A07PT5,Adpter,4,-66
12:56.4,10200C0YLE000A07PT5,Adpter,4,-66.5
12:56.6,10200C0YLE000A07PT5,Adpter,4,-66
12:56.8,10200C0YLE000A07PT5,Adpter,4,-66
12:56.8,10200C0YLE000A07PT5,Adpter,4,-66
12:56.8,10200C0YLE000A07PT5,Adpter,4,-66
12:57.1,10200C0YLE000A07PT5,Adpter,4,-67.5
12:57.1,10200C0YLE000A07PT5,Adpter,4,-68.5
